"Iteration","CD Monitor: CD Monitor"
1.0,0.3418195827562497
2.0,0.31650979589186273
3.0,0.16344501882024556
4.0,0.1914375923728035
5.0,0.2182998490264537
6.0,0.23269088878306157
7.0,0.23250403168929473
8.0,0.2270136022958106
9.0,0.22229793183061744
10.0,0.21878571611667474
11.0,0.21581808242154032
12.0,0.2129495863751567
13.0,0.20993492054611168
14.0,0.2066521632908712
15.0,0.20304528329620944
16.0,0.19910104054899772
17.0,0.19482090425669357
18.0,0.19020608580244863
19.0,0.18525302306105104
20.0,0.1799698341473629
21.0,0.17437462675033086
22.0,0.16848954124142548
23.0,0.16235279720132514
24.0,0.15602422401742122
25.0,0.14957224611760428
26.0,0.1430666762623832
27.0,0.13657473843335338
28.0,0.13016033464775068
29.0,0.12387949367491027
30.0,0.1177785296736919
31.0,0.1118930622068522
32.0,0.10624829578664947
33.0,0.10085826860825389
34.0,0.09572431235388787
35.0,0.09084115605343922
36.0,0.08620316726106503
37.0,0.08180386880616917
38.0,0.07764203111609275
39.0,0.07371193293577859
40.0,0.07000700336132284
41.0,0.06651952480551186
42.0,0.06323614677086196
43.0,0.060141280235129824
44.0,0.05722673808605923
45.0,0.054484787061099965
46.0,0.051909743990409485
47.0,0.049496150531672584
48.0,0.04723330784621025
49.0,0.04510666411369004
50.0,0.04309798864982069
51.0,0.04122691986026319
52.0,0.03958387852908768
53.0,0.03800065777393936
54.0,0.036683693852991986
55.0,0.03536939141753785
56.0,0.034050068459610346
57.0,0.03270754548443733
58.0,0.031530568824547356
59.0,0.03030998162276333
60.0,0.02931309576447529
61.0,0.028291835657712143
62.0,0.027258472750780458
63.0,0.02620206958449439
64.0,0.025303043714087658
65.0,0.024395025051774974
66.0,0.02367371045042001
67.0,0.022954387788622844
68.0,0.0223862349610791
69.0,0.02182679918184511
70.0,0.021386379096198685
71.0,0.020959461356976725
72.0,0.020625015392155693
73.0,0.020308485356512463
74.0,0.02006163337124028
75.0,0.01983664400672059
76.0,0.01966253427454917
77.0,0.01951453121491476
78.0,0.019403204612372264
79.0,0.019320352072531348
80.0,0.019262350821705874
81.0,0.01923365921320093
82.0,0.019221219423315346
83.0,0.019238803925853344
84.0,0.019265928718657933
85.0,0.019323281235533847
86.0,0.019385383066138503
87.0,0.01947632734541331
88.0,0.01956666303936845
89.0,0.019680519400836774
90.0,0.019788789833835932
91.0,0.019915202662777902
92.0,0.020032057871965922
93.0,0.02016231165131863
94.0,0.020279615663403992
95.0,0.020409323702784924
96.0,0.020547599387497614
97.0,0.020676369778217577
98.0,0.02081143706220437
99.0,0.020925867299108447
100.0,0.021044731246711426
101.0,0.021165335176388845
102.0,0.02128637096041801
103.0,0.021388599406330894
104.0,0.02148897875511021
105.0,0.021565817193530838
106.0,0.021637199754418416
107.0,0.021704307385756197
108.0,0.021752914810831844
109.0,0.02179436961395078
110.0,0.021819510940324225
111.0,0.02183431673651437
112.0,0.02183922985163209
113.0,0.02183390126206375
114.0,0.021813853640039644
115.0,0.021776277900482612
116.0,0.021718946340482694
117.0,0.02163974984236133
118.0,0.021536716559651795
119.0,0.021407959914161015
120.0,0.021252411775040683
121.0,0.02107051434103583
122.0,0.020865009686796387
123.0,0.020644100080565296
124.0,0.020423168509284207
125.0,0.020204018914558912
126.0,0.0199883515188126
127.0,0.019777787299534635
128.0,0.019573305499788394
129.0,0.019375835277060834
130.0,0.01918594123545792
131.0,0.019003910472260396
132.0,0.01882975994311408
133.0,0.01866353731511409
134.0,0.018505076657623378
135.0,0.018354309361112084
136.0,0.018211080446973893
137.0,0.018075223005879295
138.0,0.017946488634146218
139.0,0.017824610453583835
140.0,0.017709293579493218
141.0,0.017600270784071254
142.0,0.017497469455338553
143.0,0.017400623765621633
144.0,0.01730959186143627
145.0,0.017224209353962162
146.0,0.01714430389462199
147.0,0.017069801328023528
148.0,0.01700057198094334
149.0,0.016936489754665936
150.0,0.016877477711840894
151.0,0.016823385805142563
152.0,0.016774164127642422
153.0,0.016729660638448773
154.0,0.016689733577918274
155.0,0.01665418839670742
156.0,0.016622854374098685
157.0,0.016595513876464577
158.0,0.01657192906746173
159.0,0.016551860161933905
160.0,0.01653503227788632
161.0,0.01652128956613774
162.0,0.01651037543572808
163.0,0.016502064168069437
164.0,0.01649613288921103
165.0,0.016492272141378668
166.0,0.016490188491845366
167.0,0.016489575077684303
168.0,0.01649014953930183
169.0,0.016491587879605554
170.0,0.01649358161397284
171.0,0.016495840905818272
172.0,0.016498169873323358
173.0,0.016500412201332634
174.0,0.01650241696333983
175.0,0.016504106367292465
176.0,0.01650543455024095
177.0,0.0165063429365476
178.0,0.016506827791868586
179.0,0.016506898677883883
180.0,0.01650657950648325
181.0,0.016505920646090258
182.0,0.01650498317319972
183.0,0.016503834738482083
184.0,0.01650256196685392
185.0,0.016501221079244312
186.0,0.016499877627570096
187.0,0.016498615032258048
188.0,0.016497450990533666
189.0,0.01649644335289184
190.0,0.016495619826701932
191.0,0.01649501494108936
192.0,0.0164946957278272
193.0,0.016494675014249907
194.0,0.016494981939377512
195.0,0.01649563296685098
196.0,0.01649665764788307
197.0,0.016498048371319053
198.0,0.016499824700721505
199.0,0.01650198125277131
200.0,0.01650450853698325
201.0,0.01650738742059854
202.0,0.016510604828959365
203.0,0.016514128611300083
204.0,0.016517935729393217
205.0,0.016522006309867686
206.0,0.01652630341603729
207.0,0.01653080751946373
208.0,0.016535474182185733
209.0,0.016540280480188893
210.0,0.016545195954622928
211.0,0.016550192870479062
212.0,0.016555226779786932
213.0,0.016560260607628025
214.0,0.016565265302846188
215.0,0.01657021791072608
216.0,0.016575075407041586
217.0,0.016579810557709518
218.0,0.016584388049342515
219.0,0.016588788507634886
220.0,0.01659298715643564
221.0,0.016596975476182444
222.0,0.016600733611341942
223.0,0.01660423545940704
224.0,0.016607464091031372
225.0,0.016610404878074907
226.0,0.016613037453426727
227.0,0.016615348758307714
228.0,0.01661733504928921
229.0,0.01661898260587952
230.0,0.016620294612533025
231.0,0.016621271149991713
232.0,0.01662191448477153
233.0,0.0166222277832187
234.0,0.016622218743898173
235.0,0.016621897386634783
236.0,0.016621269457188732
237.0,0.016620360891164816
238.0,0.016619177207145144
239.0,0.016617730680838487
240.0,0.01661603491123867
241.0,0.016614109770013777
242.0,0.016611974903524753
243.0,0.016609645059247995
244.0,0.016607140382010672
245.0,0.016604483434564568
246.0,0.01660168798508419
247.0,0.01659876422083917
248.0,0.016595738518974296
249.0,0.016592629906305736
250.0,0.01658945540401416
251.0,0.016586226602127063
252.0,0.016582972453778197
253.0,0.01657970868993753
254.0,0.016576449951899302
255.0,0.016573210088872782
256.0,0.01657000647228788
257.0,0.016566851682698468
258.0,0.01656375473679577
259.0,0.016560720772820926
260.0,0.01655776149421252
261.0,0.016554883358385383
262.0,0.016552092273691883
263.0,0.016549392629118243
264.0,0.016546791190376563
265.0,0.01654451460932125
266.0,0.01654238136757702
267.0,0.01654036594724501
268.0,0.01653845690987106
269.0,0.0165366483356287
270.0,0.016534932063362897
271.0,0.016533306131816507
272.0,0.016531767454439787
273.0,0.016530314474502296
274.0,0.016528942207094575
275.0,0.016527649026543963
276.0,0.016526430735871206
277.0,0.016525212502160845
278.0,0.016524120038830917
279.0,0.016523077087814784
280.0,0.01652213750597142
281.0,0.01652130693369904
282.0,0.016520505251301127
283.0,0.016519755842441565
284.0,0.01651909567268372
285.0,0.01651850743452221
286.0,0.016518012693480105
287.0,0.01651761387540169
288.0,0.01651731889744666
289.0,0.016517121132900593
290.0,0.016517021543131942
291.0,0.016517020071538973
292.0,0.016517114041086616
293.0,0.016517301721891385
294.0,0.01651758060711391
295.0,0.016517946364198753
296.0,0.016518395180294437
297.0,0.016518923306708143
298.0,0.016519525456058483
299.0,0.01652019689124427
300.0,0.01652093340234817
301.0,0.016521729182207005
302.0,0.016522579222523814
303.0,0.016523479437962625
304.0,0.01652442393711641
305.0,0.016525407990222972
306.0,0.01652642731490576
307.0,0.016527476415432556
308.0,0.016528550958532798
309.0,0.016529647472515438
310.0,0.01653076102693034
311.0,0.01653188803003972
312.0,0.016533026106104805
313.0,0.016534171756158636
314.0,0.016535323116023164
315.0,0.016536479117254158
316.0,0.016537636925997606
317.0,0.016538794103343864
318.0,0.0165399482202815
319.0,0.016541095053572347
320.0,0.01654223210144857
321.0,0.01654335742326119
322.0,0.01654446837941964
323.0,0.016545563400863605
324.0,0.01654664177183427
325.0,0.01654770120120574
326.0,0.016548740387958408
327.0,0.016549758487545294
328.0,0.01655075311310347
329.0,0.016551723067456094
330.0,0.016552667126789693
331.0,0.016553583660207274
332.0,0.01655447165021061
333.0,0.016555331640791433
334.0,0.016556161781123256
335.0,0.016556961341482247
336.0,0.016557730179708956
337.0,0.016558466782852194
338.0,0.016559170817383465
339.0,0.016559842724850726
340.0,0.016560481222320914
341.0,0.01656108563356901
342.0,0.01656165698184201
343.0,0.016562194362089118
344.0,0.016562697840287507
345.0,0.016563168089037045
346.0,0.016563604541217573
347.0,0.01656400762067223
348.0,0.016564377900357214
349.0,0.016564714960041
350.0,0.01656501923398216
351.0,0.01656529211209446
352.0,0.01656553351103243
353.0,0.01656574413077724
354.0,0.01656592511454938
355.0,0.0165660761250507
356.0,0.016566197682610265
357.0,0.01656629140026623
358.0,0.016566357654357097
359.0,0.016566397699287243
360.0,0.016566413636820973
361.0,0.016566405533128842
362.0,0.016566374426753003
363.0,0.01656632196721332
364.0,0.016566248111481233
365.0,0.01656615382211938
366.0,0.016566040676179464
367.0,0.016565908629262206
368.0,0.016565758355344386
369.0,0.01656559138443306
370.0,0.016565407826214913
371.0,0.016565208818640043
372.0,0.016564996307061444
373.0,0.01656477043021283
374.0,0.0165645323930319
375.0,0.016564284158907067
376.0,0.016564025800294507
377.0,0.0165637584433834
378.0,0.016563483862320642
379.0,0.01656320219788742
380.0,0.01656291453338194
381.0,0.01656262277243389
382.0,0.01656232705816485
383.0,0.01656207899921734
384.0,0.016561783275697954
385.0,0.016561545506349976
386.0,0.016561306885535903
387.0,0.01656106050913823
388.0,0.016560812636369816
389.0,0.016560565298466286
390.0,0.01656031957984057
391.0,0.01656007478389666
392.0,0.01655983129196656
393.0,0.016559590347642355
394.0,0.016559351439859493
395.0,0.016559115122363143
396.0,0.016558882672498793
397.0,0.016558653445696528
398.0,0.016558427913853424
399.0,0.016558207296612247
400.0,0.016557991003317264
401.0,0.016557779364215465
402.0,0.016557573501764747
403.0,0.01655737282699337
404.0,0.01655717758577951
405.0,0.016556988791211636
406.0,0.016556805812938075
407.0,0.016556628840420848
408.0,0.016556458832324063
409.0,0.016556295025637435
410.0,0.016556137568783498
411.0,0.016555987361152484
412.0,0.016555843556421534
413.0,0.016555706165367334
414.0,0.016555560643836398
415.0,0.016555435435460206
416.0,0.01655530662809331
417.0,0.016555197808391237
418.0,0.01655508950137266
419.0,0.01655499532890203
420.0,0.016554905513436094
421.0,0.016554825804372907
422.0,0.016554751669134993
423.0,0.016554685194111546
424.0,0.016554625600726434
425.0,0.016554570036990787
426.0,0.01655452312379871
427.0,0.016554477974031367
428.0,0.016554441124675252
429.0,0.016554405259926526
430.0,0.01655437782888223
431.0,0.016554349223039885
432.0,0.01655432996788151
433.0,0.016554308530364957
434.0,0.016554295416412776
435.0,0.0165542803151651
436.0,0.016554271431106493
437.0,0.0165542676140781
438.0,0.01655426366148685
439.0,0.016554265600726384
440.0,0.01655427223775427
441.0,0.016554285740444173
442.0,0.016554306606087428
443.0,0.016554336345597286
444.0,0.016554371547614077
445.0,0.016554411124710698
446.0,0.016554455117097605
447.0,0.01655450379911106
448.0,0.01655455580926568
449.0,0.01655461074567935
450.0,0.01655466884640841
451.0,0.016554728707582456
452.0,0.01655478989532964
453.0,0.01655485265869898
454.0,0.01655491563397949
455.0,0.016554978471257184
456.0,0.01655504152511718
457.0,0.01655510355492626
458.0,0.01655516434507026
459.0,0.016555219924157247
460.0,0.016555275446387352
461.0,0.016555329104067623
462.0,0.016555381719083606
463.0,0.016555432308186853
464.0,0.016555480882978264
465.0,0.01655552824027458
466.0,0.016555573395271195
467.0,0.01655561640117676
468.0,0.016555658099864607
469.0,0.016555697573013346
470.0,0.01655573492027713
471.0,0.016555771038116653
472.0,0.016555805049947293
473.0,0.01655583773646111
474.0,0.01655586564156534
475.0,0.016555896260544024
476.0,0.016555918640812364
477.0,0.016555945855276248
478.0,0.016555965112232014
479.0,0.016555987898362642
480.0,0.0165560124842316
481.0,0.016556034816063804
482.0,0.016556055697312104
483.0,0.016556075928244374
484.0,0.01655609464162295
485.0,0.016556111962627747
486.0,0.016556128681694083
487.0,0.016556143955983614
488.0,0.016556157910893893
489.0,0.016556171323203257
490.0,0.01655618332972344
491.0,0.016556194030504776
492.0,0.01655620418217721
493.0,0.01655621290814667
494.0,0.01655622030579431
495.0,0.016556227134938494
496.0,0.016556232522451017
497.0,0.016556236567199033
498.0,0.01655624003092591
499.0,0.016556242046031906
500.0,0.016556242719623603
501.0,0.016556242821603243
502.0,0.016556241493685134
503.0,0.016556238852978584
504.0,0.01655623567900423
505.0,0.01655623112333457
506.0,0.016556225313985776
507.0,0.016556219039677984
508.0,0.01655621146075283
509.0,0.016556202714115946
510.0,0.016556193600241083
511.0,0.01655618328466661
512.0,0.016556171912286345
513.0,0.01655616028776409
514.0,0.016556147583606295
515.0,0.01655613394765154
516.0,0.016556120192312757
517.0,0.016556105492400768
518.0,0.016556090001069793
519.0,0.01655607453229062
520.0,0.016556058263152415
521.0,0.016556041347059826
522.0,0.016556024600584286
523.0,0.01655600720086453
524.0,0.01655598930337546
525.0,0.016555975227464666
526.0,0.016555960965679156
527.0,0.01655594286614056
528.0,0.0165559285395472
529.0,0.016555914049495857
530.0,0.016555898996139545
531.0,0.016555884457448298
532.0,0.016555869612322766
533.0,0.016555854499684348
534.0,0.016555839993115787
535.0,0.016555825272989544
536.0,0.01655581037542255
537.0,0.016555796170131316
538.0,0.016555781834630807
539.0,0.016555767398771737
540.0,0.016555753724686477
541.0,0.01655573998566589
542.0,0.01655572384917893
543.0,0.016555710920293294
544.0,0.016555695803790266
545.0,0.01655568168336853
546.0,0.01655566782073553
547.0,0.016555653302282397
548.0,0.01655563881734188
549.0,0.01655562526968027
550.0,0.01655561189279999
551.0,0.016555598744999935
552.0,0.016555586597905327
553.0,0.016555574677182737
554.0,0.01655556302833741
555.0,0.016555552404946453
556.0,0.016555542022196133
557.0,0.016555531911779123
558.0,0.016555522821058266
559.0,0.016555513960000212
560.0,0.016555505355624993
561.0,0.016555497753829564
562.0,0.01655549036161726
563.0,0.016555483204574596
564.0,0.016555477029183162
565.0,0.016555471042798302
566.0,0.01655546526966268
567.0,0.016555460455872452
568.0,0.0165554558070895
569.0,0.016555451346224395
570.0,0.016555447817584307
571.0,0.016555444423236615
572.0,0.016555441184514463
573.0,0.016555438845886436
574.0,0.016555436584701794
575.0,0.016555434480273433
576.0,0.016555433279871107
577.0,0.016555432101107524
578.0,0.016555431032096633
579.0,0.016555430821091486
580.0,0.016555430586025432
581.0,0.016555430420836376
582.0,0.01655543107883707
583.0,0.01655543168127032
584.0,0.016555432324500838
585.0,0.016555433765033958
586.0,0.016555435124381058
587.0,0.016555436499508816
588.0,0.016555438645842222
589.0,0.016555440684309815
590.0,0.01655544270918024
591.0,0.01655544547545581
592.0,0.016555448100200973
593.0,0.016555450675454268
594.0,0.016555453955263283
595.0,0.01655545705498535
596.0,0.016555460064562814
597.0,0.01655546373683601
598.0,0.016555467184515407
599.0,0.01655547049795928
600.0,0.01655547418299922
601.0,0.016555477908060105
602.0,0.016555480589677284
603.0,0.016555484347901467
604.0,0.016555488121984017
605.0,0.016555491051524655
606.0,0.01655549489557919
607.0,0.016555498325825774
608.0,0.016555501742958674
609.0,0.016555505194133846
610.0,0.016555508579762544
611.0,0.016555511866682186
612.0,0.016555515209878004
613.0,0.016555518448086
614.0,0.016555521531144455
615.0,0.016555524703657225
616.0,0.016555527734054058
617.0,0.016555530552096354
618.0,0.01655553350078849
619.0,0.016555536380440154
620.0,0.01655553837141068
621.0,0.01655554123527303
622.0,0.016555543218808852
623.0,0.016555545194222712
624.0,0.016555547263246782
625.0,0.01655554916988631
626.0,0.016555550895715032
627.0,0.016555553111593777
628.0,0.016555554817644213
629.0,0.01655555614218993
630.0,0.01655555784897994
631.0,0.016555559069581463
632.0,0.0165555599155554
633.0,0.01655556115367994
634.0,0.01655556191889178
635.0,0.01655556232134521
636.0,0.016555563128781557
637.0,0.016555563479633193
638.0,0.016555563484569838
639.0,0.01655556391344351
640.0,0.016555563903511275
641.0,0.01655556356736735
642.0,0.01655556367363003
643.0,0.016555563358600214
644.0,0.01655556273442956
645.0,0.016555562571264032
646.0,0.016555562005204458
647.0,0.01655556114855443
648.0,0.016555560772504346
649.0,0.016555560011408933
650.0,0.016555558976124377
651.0,0.01655555843748599
652.0,0.016555557528307542
653.0,0.016555556360295542
654.0,0.01655555570225163
655.0,0.01655555468583893
656.0,0.016555553421324774
657.0,0.016555552678386008
658.0,0.016555551587102292
659.0,0.01655555025811182
660.0,0.016555549461420883
661.0,0.01655554832474524
662.0,0.016555546958466533
663.0,0.016555546133097898
664.0,0.016555544974994542
665.0,0.016555543595058488
666.0,0.016555542763680424
667.0,0.016555541806863184
668.0,0.01655554044387566
669.0,0.016555539877839413
670.0,0.01655553901135855
671.0,0.016555537694354437
672.0,0.01655553712393803
673.0,0.01655553626401288
674.0,0.016555534994813777
675.0,0.016555534299496355
676.0,0.016555533291044672
677.0,0.016555532047302812
678.0,0.016555531340914732
679.0,0.016555530372971073
680.0,0.016555529179930306
681.0,0.01655552852762191
682.0,0.01655552761345494
683.0,0.01655552648172821
684.0,0.01655552589386951
685.0,0.016555525043954793
686.0,0.016555523983414068
687.0,0.016555523468838245
688.0,0.016555522699987273
689.0,0.01655552172253297
690.0,0.01655552129338858
691.0,0.016555520617585334
692.0,0.016555519732299386
693.0,0.016555519394708625
694.0,0.016555518811993554
695.0,0.016555518017836942
696.0,0.016555517770720105
697.0,0.016555517278737067
698.0,0.016555516575088587
699.0,0.01655551641843015
700.0,0.016555516017367097
701.0,0.01655551540427458
702.0,0.016555515336984607
703.0,0.01655551500028349
704.0,0.01655551447164837
705.0,0.016555514487565516
706.0,0.01655551423058305
707.0,0.01655551377805413
708.0,0.01655551389265184
709.0,0.01655551370252316
710.0,0.016555513311242852
711.0,0.01655551348634173
712.0,0.01655551335776615
713.0,0.016555513029438893
714.0,0.01655551327014633
715.0,0.016555513209234214
716.0,0.016555512950282306
717.0,0.01655551326152016
718.0,0.016555513272419914
719.0,0.016555513086328816
720.0,0.016555513471070874
721.0,0.016555513553813486
722.0,0.01655551343707516
723.0,0.016555513890150662
724.0,0.016555514040933042
725.0,0.01655551398957488
726.0,0.016555514505154394
727.0,0.016555514714330748
728.0,0.016555514717459092
729.0,0.016555515284211404
730.0,0.016555515540477878
731.0,0.01655551558552114
732.0,0.01655551619107348
733.0,0.016555516482071424
734.0,0.016555516556697666
735.0,0.01655551718742993
736.0,0.016555517464051803
737.0,0.016555517551475205
738.0,0.01655551815686242
739.0,0.016555518435403496
740.0,0.016555518528572937
741.0,0.016555519136177844
742.0,0.016555519415911654
743.0,0.016555519504563538
744.0,0.01655552010677897
745.0,0.016555520378755555
746.0,0.01655552045335745
747.0,0.016555521019731522
748.0,0.01655552128167285
749.0,0.016555521340249332
750.0,0.016555521890083302
751.0,0.01655552213207611
752.0,0.016555522157282607
753.0,0.016555522670892647
754.0,0.016555522885992754
755.0,0.016555522865975187
756.0,0.01655552335192341
757.0,0.016555523517685296
758.0,0.016555523439268
759.0,0.016555523864949583
760.0,0.016555523969286133
761.0,0.01655552383119313
762.0,0.016555524198889567
763.0,0.016555524246912527
764.0,0.01655552405679407
765.0,0.016555524374820996
766.0,0.016555524377149466
767.0,0.016555524144606277
768.0,0.016555524424348666
769.0,0.016555524391992586
770.0,0.016555524129441404
771.0,0.016555524382771337
772.0,0.016555524328512962
773.0,0.01655552404855979
774.0,0.016555524291873673
775.0,0.016555524229273148
776.0,0.016555523942114438
777.0,0.016555524202497566
778.0,0.016555524134096587
779.0,0.016555523844484096
780.0,0.016555524109876478
781.0,0.01655552405197759
782.0,0.016555523776255146
783.0,0.016555524057389463
784.0,0.016555524017934177
785.0,0.0165555237613289
786.0,0.016555524040600192
787.0,0.016555524025676224
788.0,0.01655552379255794
789.0,0.01655552409005675
790.0,0.01655552408744105
791.0,0.0165555238601525
792.0,0.016555524158134792
793.0,0.01655552415020807
794.0,0.016555523914126707
795.0,0.016555524200194606
796.0,0.01655552417773616
797.0,0.016555523922168008
798.0,0.016555524181773792
799.0,0.016555524130382138
800.0,0.016555523846424947
801.0,0.016555524077288497
802.0,0.016555523996892633
803.0,0.016555523683555798
804.0,0.01655552388629341
805.0,0.016555523802229764
806.0,0.016555523464989598
807.0,0.016555523643998475
808.0,0.016555523541158693
809.0,0.01655552319062929
810.0,0.016555523363574555
811.0,0.01655552326176122
812.0,0.016555522918019643
813.0,0.016555523102901586
814.0,0.01655552302534275
815.0,0.016555522696724584
816.0,0.01655552291464418
817.0,0.0165555228579808
818.0,0.01655552255359008
819.0,0.01655552279432545
820.0,0.016555522760692977
821.0,0.016555522482293736
822.0,0.01655552274520404
823.0,0.016555522731941528
824.0,0.01655552249960353
825.0,0.01655552277743917
826.0,0.016555522782898284
827.0,0.016555522568769573
828.0,0.01655552283534903
829.0,0.016555522850126063
830.0,0.01655552264335258
831.0,0.01655552291385854
832.0,0.016555522930114357
833.0,0.01655552272223563
834.0,0.016555522991363994
835.0,0.016555523005193237
836.0,0.016555522795104867
837.0,0.01655552306024506
838.0,0.01655552306918303
839.0,0.016555522852684464
840.0,0.016555523111975064
841.0,0.01655552311449996
842.0,0.016555522892699057
843.0,0.01655552314665156
844.0,0.01655552314496432
845.0,0.016555522919389103
846.0,0.016555523170143333
847.0,0.016555523164361378
848.0,0.016555522935307824
849.0,0.016555523182778017
850.0,0.016555523175426377
851.0,0.016555522945720658
852.0,0.0165555231938906
853.0,0.016555523186778866
854.0,0.016555522957833843
855.0,0.01655552320627176
856.0,0.016555523200265182
857.0,0.01655552297212039
858.0,0.01655552322234147
859.0,0.016555523218650312
860.0,0.01655552299410277
861.0,0.016555523247477465
862.0,0.016555523246765513
863.0,0.016555523023681087
864.0,0.016555523278930208
865.0,0.016555523280140413
866.0,0.01655552305998799
867.0,0.016555523318172165
868.0,0.016555523322719805
869.0,0.01655552310510105
870.0,0.016555523366004896
871.0,0.01655552337217616
872.0,0.016555523156178732
873.0,0.01655552341777798
874.0,0.016555523425272153
875.0,0.016555523210523216
876.0,0.016555523474018622
877.0,0.016555523482856688
878.0,0.016555523269169765
879.0,0.01655552353238595
880.0,0.01655552354128581
881.0,0.016555523326553037
882.0,0.01655552358915164
883.0,0.016555523597233654
884.0,0.01655552338285091
885.0,0.016555523645749665
886.0,0.016555523654021177
887.0,0.016555523438141248
888.0,0.016555523699220077
889.0,0.0165555237052544
890.0,0.01655552348817475
891.0,0.016555523748048227
892.0,0.016555523753521546
893.0,0.01655552353490828
894.0,0.016555523793446377
895.0,0.016555523796270677
896.0,0.016555523575456806
897.0,0.016555523831216425
898.0,0.016555523832072518
899.0,0.016555523609330235
900.0,0.016555523864160263
901.0,0.016555523863702258
902.0,0.01655552363938101
903.0,0.016555523891410497
904.0,0.016555523888607683
905.0,0.016555523661880407
906.0,0.016555523912253567
907.0,0.01655552390761547
908.0,0.01655552367994207
909.0,0.01655552392919244
910.0,0.016555523923965067
911.0,0.016555523694238967
912.0,0.016555523941319192
913.0,0.016555523933180438
914.0,0.01655552370172153
915.0,0.016555523947650447
916.0,0.016555523939046773
917.0,0.016555523706614818
918.0,0.0165555239514474
919.0,0.01655552394094925
920.0,0.016555523707237493
921.0,0.016555523950071996
922.0,0.016555523938441407
923.0,0.016555523703450918
924.0,0.016555523946404607
925.0,0.016555523934542897
926.0,0.016555523699686783
927.0,0.01655552394125333
928.0,0.0165555239277212
929.0,0.016555523690578035
930.0,0.016555523931089493
931.0,0.01655552391727106
932.0,0.016555523681091665
933.0,0.01655552392203619
934.0,0.016555523908413264
935.0,0.016555523671042977
936.0,0.01655552391098372
937.0,0.01655552389583769
938.0,0.01655552365794792
939.0,0.016555523897591358
940.0,0.016555523883397413
941.0,0.016555523645920105
942.0,0.016555523886102146
943.0,0.01655552387092641
944.0,0.01655552363291334
945.0,0.016555523872179068
946.0,0.016555523856978824
947.0,0.016555523619069062
948.0,0.016555523859139065
949.0,0.01655552384474819
950.0,0.01655552360781704
951.0,0.0165555238480559
952.0,0.016555523833490283
953.0,0.01655552359556326
954.0,0.01655552383548658
955.0,0.01655552382110345
956.0,0.01655552358442816
957.0,0.016555523824955325
958.0,0.016555523811250278
959.0,0.016555523574140637
960.0,0.016555523814720276
961.0,0.01655552380035109
962.0,0.016555523563211848
963.0,0.01655552380404974
964.0,0.016555523790931743
965.0,0.01655552355510686
966.0,0.01655552379689252
967.0,0.016555523783614835
968.0,0.016555523547738565
969.0,0.016555523789074145
970.0,0.016555523776089296
971.0,0.01655552354065535
972.0,0.01655552378338372
973.0,0.01655552377131972
974.0,0.016555523537034978
975.0,0.016555523779920762
976.0,0.016555523768029854
977.0,0.01655552353291853
978.0,0.016555523775749724
979.0,0.016555523764108432
980.0,0.01655552353040432
981.0,0.016555523774210726
982.0,0.01655552376366174
983.0,0.016555523529660318
984.0,0.01655552377325855
985.0,0.01655552376222153
986.0,0.016555523528672792
987.0,0.01655552377270523
988.0,0.016555523762722853
989.0,0.016555523529805126
990.0,0.01655552377481774
991.0,0.01655552376446973
992.0,0.01655552353168219
993.0,0.016555523775925847
994.0,0.01655552376559604
995.0,0.01655552353296605
996.0,0.016555523778296954
997.0,0.016555523768984844
998.0,0.016555523536812673
999.0,0.016555523781813776
1000.0,0.016555523772252355
1001.0,0.016555523539444835
1002.0,0.01655552378451044
1003.0,0.01655552377513369
1004.0,0.016555523543851227
1005.0,0.016555523789672948
1006.0,0.016555523780852066
1007.0,0.016555523548577835
1008.0,0.016555523793707012
1009.0,0.01655552378402208
1010.0,0.016555523551973098
1011.0,0.016555523797688602
1012.0,0.016555523789073913
1013.0,0.01655552355738059
1014.0,0.016555523803488757
1015.0,0.016555523794501505
1016.0,0.016555523562665604
1017.0,0.01655552380781155
1018.0,0.016555523798447172
1019.0,0.016555523566367438
1020.0,0.016555523812380415
1021.0,0.01655552380345076
1022.0,0.01655552357177452
1023.0,0.016555523817018067
1024.0,0.016555523807532196
1025.0,0.016555523574886325
1026.0,0.016555523819727608
1027.0,0.01655552381034508
1028.0,0.01655552357868239
1029.0,0.016555523824175272
1030.0,0.01655552381530614
1031.0,0.01655552358305755
1032.0,0.016555523828113018
1033.0,0.01655552381791991
1034.0,0.01655552358514744
1035.0,0.01655552383018992
1036.0,0.01655552382095654
1037.0,0.016555523588488837
1038.0,0.016555523833644906
1039.0,0.016555523823606547
1040.0,0.01655552359089174
1041.0,0.016555523835053036
1042.0,0.016555523824499305
1043.0,0.016555523591226053
1044.0,0.01655552383596396
1045.0,0.01655552382603599
1046.0,0.016555523593254504
1047.0,0.01655552383751247
1048.0,0.016555523826853345
1049.0,0.01655552359302216
1050.0,0.016555523836937577
1051.0,0.01655552382636037
1052.0,0.016555523593650402
1053.0,0.016555523838061727
1054.0,0.016555523827980437
1055.0,0.01655552359454129
1056.0,0.016555523838643685
1057.0,0.016555523827678685
1058.0,0.01655552359376122
1059.0,0.016555523837651204
1060.0,0.01655552382746158
1061.0,0.016555523593874688
1062.0,0.016555523837970834
1063.0,0.016555523826914845
1064.0,0.01655552359307734
1065.0,0.016555523836331833
1066.0,0.016555523825143123
1067.0,0.016555523591190665
1068.0,0.01655552383509395
1069.0,0.01655552382417927
1070.0,0.016555523590650174
1071.0,0.016555523833891028
1072.0,0.016555523822402315
1073.0,0.01655552358776169
1074.0,0.01655552383096582
1075.0,0.016555523819957216
1076.0,0.016555523586695438
1077.0,0.016555523830592875
1078.0,0.01655552381975988
1079.0,0.01655552358573104
1080.0,0.016555523829318755
1081.0,0.01655552381793106
1082.0,0.01655552358408799
1083.0,0.016555523827693854
1084.0,0.01655552381704966
1085.0,0.016555523583235587
1086.0,0.01655552382727946
1087.0,0.016555523815860944
1088.0,0.01655552358167242
1089.0,0.016555523824691734
1090.0,0.01655552381341123
1091.0,0.01655552357934392
1092.0,0.016555523823180682
1093.0,0.016555523812493925
1094.0,0.016555523579276792
1095.0,0.016555523822970583
1096.0,0.016555523811753604
1097.0,0.016555523577127734
1098.0,0.01655552382025348
1099.0,0.01655552380881054
1100.0,0.01655552357568055
1101.0,0.016555523819804255
1102.0,0.016555523809313265
1103.0,0.016555523575262538
1104.0,0.016555523818749106
1105.0,0.016555523807545106
1106.0,0.01655552357351779
1107.0,0.016555523817259492
1108.0,0.016555523806776704
1109.0,0.01655552357330957
1110.0,0.016555523817696302
1111.0,0.016555523806638585
1112.0,0.016555523572863932
1113.0,0.016555523815938618
1114.0,0.016555523804769955
1115.0,0.016555523570923117
1116.0,0.016555523815079028
1117.0,0.01655552380462786
1118.0,0.016555523571547798
1119.0,0.01655552381556524
1120.0,0.016555523805017167
1121.0,0.016555523571350834
1122.0,0.016555523815342754
1123.0,0.01655552380456892
1124.0,0.016555523571632327
1125.0,0.016555523816075272
1126.0,0.016555523805832823
1127.0,0.016555523572090523
1128.0,0.016555523815948506
1129.0,0.016555523804898747
1130.0,0.016555523571393324
1131.0,0.016555523815564376
1132.0,0.016555523805439586
1133.0,0.016555523572044182
1134.0,0.01655552381637751
1135.0,0.016555523805634034
1136.0,0.016555523572133198
1137.0,0.01655552381563915
1138.0,0.01655552380473672
1139.0,0.01655552357111212
1140.0,0.01655552381570636
1141.0,0.01655552380533136
1142.0,0.016555523572392428
1143.0,0.016555523816299635
1144.0,0.016555523805624084
1145.0,0.01655552357188836
1146.0,0.016555523815932748
1147.0,0.016555523805412045
1148.0,0.016555523572588986
1149.0,0.016555523817093274
1150.0,0.01655552380717678
1151.0,0.016555523573653894
1152.0,0.016555523817692833
1153.0,0.016555523806798256
1154.0,0.016555523573254023
1155.0,0.016555523817431313
1156.0,0.016555523807427218
1157.0,0.016555523574358376
1158.0,0.01655552381891284
1159.0,0.016555523808174273
1160.0,0.016555523574950867
1161.0,0.016555523818611095
1162.0,0.016555523807729997
1163.0,0.01655552357418774
1164.0,0.016555523818916645
1165.0,0.016555523808933444
1166.0,0.016555523576182483
1167.0,0.01655552382024738
1168.0,0.01655552380943863
1169.0,0.0165555235752819
1170.0,0.01655552381911348
1171.0,0.016555523808537444
1172.0,0.016555523575673754
1173.0,0.016555523819949954
1174.0,0.016555523809859304
1175.0,0.016555523576418693
1176.0,0.016555523820265525
1177.0,0.016555523809226383
1178.0,0.016555523575674542
1179.0,0.016555523819840722
1180.0,0.016555523809815863
1181.0,0.0165555235766202
1182.0,0.01655552382135099
1183.0,0.016555523810624105
1184.0,0.0165555235772675
1185.0,0.01655552382115738
1186.0,0.016555523810438386
1187.0,0.016555523576774873
1188.0,0.016555523820977518
1189.0,0.016555523810724088
1190.0,0.016555523577906246
1191.0,0.016555523821839398
1192.0,0.016555523810980955
1193.0,0.016555523576909287
1194.0,0.016555523820576762
1195.0,0.016555523809746158
1196.0,0.01655552357682494
1197.0,0.01655552382104952
1198.0,0.016555523810763077
1199.0,0.016555523576904096
1200.0,0.016555523820833543
1201.0,0.016555523809664265
1202.0,0.016555523575796177
1203.0,0.016555523819613886
1204.0,0.016555523809187726
1205.0,0.016555523575950446
1206.0,0.01655552382040814
1207.0,0.016555523809688413
1208.0,0.016555523576151386
1209.0,0.016555523819847554
1210.0,0.01655552380920838
1211.0,0.01655552357575548
1212.0,0.016555523820348327
1213.0,0.01655552380991402
1214.0,0.016555523576819716
1215.0,0.016555523820694754
1216.0,0.01655552380983466
1217.0,0.016555523575649517
1218.0,0.016555523819266914
1219.0,0.016555523808419313
1220.0,0.016555523575551866
1221.0,0.01655552381982603
1222.0,0.016555523809607668
1223.0,0.016555523575903685
1224.0,0.016555523819812457
1225.0,0.016555523808790516
1226.0,0.01655552357525358
1227.0,0.016555523819334367
1228.0,0.016555523809141385
1229.0,0.016555523576028307
1230.0,0.016555523820696888
1231.0,0.01655552380984805
1232.0,0.016555523576133886
1233.0,0.016555523819557317
1234.0,0.016555523808563663
1235.0,0.016555523575091352
1236.0,0.016555523819637482
1237.0,0.01655552380936158
1238.0,0.016555523576353225
1239.0,0.016555523820133464
1240.0,0.016555523809310378
1241.0,0.016555523575104397
1242.0,0.016555523818695992
1243.0,0.01655552380778492
1244.0,0.0165555235749401
1245.0,0.016555523819396116
1246.0,0.01655552380927021
1247.0,0.016555523575727496
1248.0,0.0165555238196647
1249.0,0.016555523808578283
1250.0,0.016555523574771802
1251.0,0.016555523818804603
1252.0,0.016555523808567778
1253.0,0.01655552357510513
1254.0,0.016555523819562355
1255.0,0.016555523808916693
1256.0,0.016555523575369466
1257.0,0.016555523818770516
1258.0,0.01655552380771348
1259.0,0.016555523573837203
1260.0,0.01655552381814421
1261.0,0.016555523807734902
1262.0,0.016555523574866192
1263.0,0.016555523818838902
1264.0,0.016555523807968753
1265.0,0.01655552357415698
1266.0,0.01655552381794049
1267.0,0.01655552380710095
1268.0,0.01655552357423145
1269.0,0.016555523818624344
1270.0,0.016555523808584036
1271.0,0.016555523574851162
1272.0,0.016555523818753668
1273.0,0.01655552380769086
1274.0,0.016555523574153207
1275.0,0.016555523818493283
1276.0,0.016555523808465603
1277.0,0.016555523575270077
1278.0,0.016555523819566664
1279.0,0.01655552380862557
1280.0,0.01655552357508995
1281.0,0.01655552381864501
1282.0,0.01655552380781693
1283.0,0.016555523574215344
1284.0,0.01655552381856404
1285.0,0.016555523808160402
1286.0,0.01655552357518015
1287.0,0.016555523819152436
1288.0,0.016555523808255056
1289.0,0.016555523574156017
1290.0,0.016555523818301457
1291.0,0.016555523807656444
1292.0,0.01655552357475189
1293.0,0.01655552381899808
1294.0,0.016555523808913175
1295.0,0.016555523575238842
1296.0,0.01655552381908826
1297.0,0.016555523808162102
1298.0,0.016555523574534152
1299.0,0.01655552381854069
1300.0,0.01655552380856065
1301.0,0.016555523575642377
1302.0,0.01655552382023524
1303.0,0.016555523809428888
1304.0,0.016555523576034507
1305.0,0.016555523819664714
1306.0,0.016555523808758136
1307.0,0.01655552357503704
1308.0,0.01655552381947681
1309.0,0.016555523809198096
1310.0,0.016555523576311387
1311.0,0.016555523820276207
1312.0,0.016555523809369574
1313.0,0.01655552357502149
1314.0,0.01655552381862511
1315.0,0.016555523808096488
1316.0,0.016555523575228243
1317.0,0.016555523819515004
1318.0,0.01655552380906392
1319.0,0.016555523575373973
1320.0,0.01655552381928585
1321.0,0.016555523808169846
1322.0,0.0165555235747123
1323.0,0.01655552381863422
1324.0,0.016555523808460815
1325.0,0.01655552357533851
1326.0,0.016555523820133786
1327.0,0.01655552380942927
1328.0,0.01655552357589904
1329.0,0.016555523819476302
1330.0,0.01655552380866637
1331.0,0.016555506812069302
