"Iteration: Iteration","CL Monitor: Force Coefficient"
1,0.35632460779705349
2,0.35745368312908443
3,0.36574172083082607
4,0.36392115637316846
5,0.36213429788971935
6,0.36102869215878086
7,0.36094326335180377
8,0.3614024828848631
9,0.36191863104051381
10,0.36239621188977528
11,0.36285869563922274
12,0.36331134104846602
13,0.36376928787709939
14,0.36425534389601161
15,0.36474714536490793
16,0.3652507911539859
17,0.36575566415228516
18,0.36626568482488775
19,0.36675757792806901
20,0.36725130056053129
21,0.36776243213658388
22,0.36829977489941973
23,0.36886505293466954
24,0.36946025114242503
25,0.37008506264929392
26,0.37074202124765598
27,0.37144688663164538
28,0.37220656386193857
29,0.37303056219852243
30,0.37392359098074174
31,0.37489807182947676
32,0.37597584189561417
33,0.37718296300711518
34,0.37855086957717687
35,0.38010974058969638
36,0.38190660000548171
37,0.38397446342828923
38,0.38636620082203282
39,0.38908657368764904
40,0.39210822494560749
41,0.39538244096767633
42,0.39893931468710203
43,0.40281554090864452
44,0.40704617709959456
45,0.41165724430493761
46,0.41667590471242055
47,0.42210115948429294
48,0.42791595040591035
49,0.43409273905098611
50,0.44057663946525666
51,0.44715862672652551
52,0.45317056260391864
53,0.45923867057848539
54,0.46438931766384439
55,0.46968580535254856
56,0.47506863095076535
57,0.4804030019415278
58,0.48516389828242934
59,0.48987477464665657
60,0.49380221860907048
61,0.49772175396031365
62,0.5015717034574092
63,0.50534283827673054
64,0.50855496641902131
65,0.51172100988268643
66,0.51423556816750104
67,0.51673340837031789
68,0.51870193015911281
69,0.52067595410435397
70,0.52222305256766932
71,0.52377770583256744
72,0.52498384749319593
73,0.52620038749378029
74,0.52712963374046473
75,0.52807490542910618
76,0.52878687893055976
77,0.52951292159769925
78,0.53005862519499714
79,0.5306134650801414
80,0.53103325037851667
81,0.53145868851383316
82,0.53178737271171694
83,0.53211712110023612
84,0.5323812395548484
85,0.53264394530280845
86,0.5328630691613786
87,0.53307898301147372
88,0.5332706110243487
89,0.53345830300579811
90,0.53363566350756741
91,0.5338107540305026
92,0.53398352345525624
93,0.53415645566544545
94,0.53432855154847791
95,0.53452530476589599
96,0.53472888009119479
97,0.53494336994070357
98,0.53517197855681853
99,0.53538585739395561
100,0.53562145038447329
101,0.53587836439746916
102,0.53615788407874077
103,0.53641349902498536
104,0.53669841426554254
105,0.53693552197083561
106,0.53718704190414079
107,0.53747570158377334
108,0.53772091354783547
109,0.53800247832109482
110,0.53822452794718312
111,0.53845934353815161
112,0.53872647112786642
113,0.53896118098907297
114,0.53920253963192166
115,0.53945233890613198
116,0.53970679012986145
117,0.539945938195871
118,0.54015310174087927
119,0.54031657607729056
120,0.54042037205420834
121,0.54043497700806431
122,0.54032568511370516
123,0.54008398157953663
124,0.53974021166128616
125,0.53930335020882736
126,0.53877971247915213
127,0.53818030427052077
128,0.53751324266899658
129,0.53678795891323938
130,0.53601383923084145
131,0.53520066766093966
132,0.53435552202816416
133,0.53348684216684028
134,0.53260090926416548
135,0.53170454564373837
136,0.53080382988313157
137,0.52990419271297995
138,0.52900853789183089
139,0.52811995245623677
140,0.52724075935434189
141,0.52637221047090943
142,0.52551765451949628
143,0.52467794665187351
144,0.5238557301749267
145,0.52305250665813197
146,0.52226935832529908
147,0.52150891498831942
148,0.5207724870560162
149,0.5200612487110442
150,0.51937621667751888
151,0.51871796170718409
152,0.51808807474697993
153,0.51748762792169578
154,0.51691748707435159
155,0.51637813225578688
156,0.51587019516692778
157,0.51539399019257925
158,0.51494950592441013
159,0.51453643117798331
160,0.51415451973956527
161,0.51380330468442703
162,0.51348137780331737
163,0.51318846312729705
164,0.51292338811657345
165,0.5126850106583889
166,0.51247200356013223
167,0.51228230963129784
168,0.51211496870255069
169,0.51196836946123203
170,0.51184114408642367
171,0.5117317901857853
172,0.51163947142056587
173,0.51156326021464138
174,0.51150163634978907
175,0.51145369710952016
176,0.51141936414602895
177,0.51139753918726705
178,0.51138770696571056
179,0.51138989845260485
180,0.5114035727376417
181,0.51142899543943543
182,0.51146563455323857
183,0.51151339896935633
184,0.51157240098101897
185,0.51164290990512262
186,0.51172473404542762
187,0.51181815711974121
188,0.51192300571489224
189,0.51203959458754744
190,0.51216737318421346
191,0.51230598091796065
192,0.51245610464207281
193,0.51261724612701132
194,0.51278925227871253
195,0.51297192078030551
196,0.51316542637051499
197,0.51336911899532955
198,0.51358270988261712
199,0.51380562910984895
200,0.51403741257166757
201,0.51427732377108493
202,0.51452481797778182
203,0.51477898373181274
204,0.51503926851428306
205,0.51530514289949381
206,0.51557563537330175
207,0.51585026814773649
208,0.51612809177103325
209,0.51640849191419225
210,0.51669091195365857
211,0.51697474597295279
212,0.51725930592651415
213,0.51754408380800154
214,0.51782856598628613
215,0.51811222067669405
216,0.51839432140390695
217,0.51867424065913226
218,0.51895117447252881
219,0.51922480754059264
220,0.51949440456431806
221,0.51975967335789153
222,0.52002014445783251
223,0.52027539510677656
224,0.5205247436355962
225,0.52076783760233869
226,0.52100437599799054
227,0.52123398004028065
228,0.52145634484592307
229,0.52167115362798167
230,0.52187823848425863
231,0.52207745183136167
232,0.52226865282364732
233,0.52245166278277222
234,0.52262640920653836
235,0.52279286671927194
236,0.52295098994983902
237,0.52310099065157034
238,0.52324285184399089
239,0.52337671885867199
240,0.52350269108391967
241,0.52362091138280131
242,0.52373151572543197
243,0.52383464813798397
244,0.52393048059882752
245,0.52401915921042752
246,0.52410087560997298
247,0.52417599259592218
248,0.52424462802894711
249,0.52430693120679728
250,0.52436318151931782
251,0.52441371580250729
252,0.52445870275716433
253,0.52449837362867746
254,0.52453299111813456
255,0.52456285436125338
256,0.52458810696738756
257,0.52460899693182161
258,0.52462576152169671
259,0.52463865742472338
260,0.52464786826240983
261,0.52465363334020021
262,0.5246562052846
263,0.52465577573533184
264,0.5246525355937619
265,0.52465005097874007
266,0.52464553021240545
267,0.52463911964165477
268,0.52463101158291814
269,0.5246213499596365
270,0.52461024942093482
271,0.52459783328409382
272,0.52458424179343821
273,0.52456960392775598
274,0.52455407041608415
275,0.52453778528697192
276,0.52452086877163007
277,0.52450027396092325
278,0.52448326363463293
279,0.52446225650701161
280,0.52444590908724331
281,0.52442835241386321
282,0.52440768286498296
283,0.52438857410900219
284,0.52436869814036668
285,0.52434946050412601
286,0.52433098864406402
287,0.52431339247024356
288,0.52429675450736879
289,0.52428119906165638
290,0.52426680989503815
291,0.52425365347836506
292,0.52424179354890565
293,0.52423129025849191
294,0.5242221727816303
295,0.52421448119913627
296,0.52420824944711331
297,0.52420348591429289
298,0.52420021331505107
299,0.52419844046870667
300,0.52419816406658926
301,0.52419938546296585
302,0.52420209573846721
303,0.52420627584282453
304,0.52421191171523096
305,0.52421898145282309
306,0.52422745533319282
307,0.52423730532669033
308,0.52424849622659142
309,0.52426098334127424
310,0.52427472964376354
311,0.52428969440064033
312,0.5243058332638949
313,0.52432311695235001
314,0.52434152047549065
315,0.52436101895970177
316,0.52438159158155928
317,0.52440320324618273
318,0.52442579386025956
319,0.52444929930890183
320,0.52447365602809426
321,0.52449878732674637
322,0.5245246384421558
323,0.52455115531712226
324,0.52457827835463078
325,0.52460595756932515
326,0.52463413822519211
327,0.52466275754536595
328,0.52469176706253096
329,0.52472111199762939
330,0.52475072088654895
331,0.52478054760279613
332,0.52481052138696183
333,0.52484059716267828
334,0.52487073270686369
335,0.5249008753548785
336,0.52493097055970006
337,0.52496097717716395
338,0.52499085066281792
339,0.52502054100642948
340,0.52505001180753896
341,0.52507923291763792
342,0.52510815589074977
343,0.52513674683890665
344,0.52516496621927677
345,0.52519276738497733
346,0.52522011670429525
347,0.52524698113242774
348,0.52527331930992105
349,0.52529911308568522
350,0.52532433956299884
351,0.52534897044711881
352,0.52537298344038708
353,0.52539636077654328
354,0.52541907916413599
355,0.52544112621286421
356,0.52546247683177327
357,0.52548311117622293
358,0.525503023347207
359,0.52552220434964592
360,0.52554064432920233
361,0.52555834230431109
362,0.52557529070730835
363,0.52559148102442088
364,0.52560691828183692
365,0.52562160375966471
366,0.52563553313195466
367,0.52564871285729819
368,0.52566114986370194
369,0.52567284498924616
370,0.52568380936245696
371,0.52569405238346778
372,0.5257035814527774
373,0.52571241113383493
374,0.52572055616001334
375,0.52572802754018344
376,0.52573484429655248
377,0.52574102401019052
378,0.52574657838384631
379,0.52575152640873823
380,0.52575588551339103
381,0.52575967075764785
382,0.5257629084836779
383,0.52576585027991773
384,0.52576808001065511
385,0.52576999914235023
386,0.52577165805002235
387,0.52577297720788174
388,0.52577393937614492
389,0.52577456274259737
390,0.52577486146620001
391,0.52577485274136804
392,0.52577455189459599
393,0.52577397078862798
394,0.52577312515250474
395,0.52577203067032574
396,0.52577069919415642
397,0.52576914553642828
398,0.52576738474579765
399,0.52576542847970176
400,0.52576329321008541
401,0.5257609934549784
402,0.52575854021600132
403,0.52575594835375616
404,0.52575323135000396
405,0.52575039883910857
406,0.52574746483429813
407,0.52574444196323222
408,0.52574133916925747
409,0.52573816923794259
410,0.52573494353695571
411,0.52573167044529501
412,0.52572836234774656
413,0.52572502968971202
414,0.52572116963502524
415,0.52571795229082285
416,0.52571408743218306
417,0.52571106178181337
418,0.52570741282244293
419,0.52570453891488789
420,0.52570113807014429
421,0.52569842810482192
422,0.52569528309767555
423,0.5256927458296119
424,0.52568984875437996
425,0.52568748809874566
426,0.52568483134408406
427,0.5256826443732292
428,0.5256802201460048
429,0.52567820451991532
430,0.5256759970957201
431,0.52567414878083107
432,0.52567214578106514
433,0.52567045735487761
434,0.52566864783371359
435,0.52566711251186871
436,0.5256654933290611
437,0.52566377496000805
438,0.5256622078354245
439,0.52566055807231193
440,0.52565883938103131
441,0.52565706463554263
442,0.52565525786160405
443,0.5256534449111735
444,0.52565174491100686
445,0.52565018971913524
446,0.52564877618560635
447,0.52564749362941399
448,0.52564634152325496
449,0.52564531548589277
450,0.52564440446220884
451,0.52564360775134511
452,0.52564292100243037
453,0.52564233334506982
454,0.52564184435654526
455,0.52564145005497043
456,0.52564114001876194
457,0.52564091430289783
458,0.52564076945342375
459,0.52564068774937844
460,0.52564066945508037
461,0.52564071236585697
462,0.52564081115721495
463,0.52564096474432442
464,0.52564117103224606
465,0.52564142493399457
466,0.5256417255225454
467,0.52564207077222858
468,0.52564245563776402
469,0.52564287929773712
470,0.52564333990630918
471,0.52564383263433756
472,0.52564435690991451
473,0.52564496219137335
474,0.52564551378059665
475,0.52564617606973518
476,0.52564673407349483
477,0.52564740716807834
478,0.52564800299383385
479,0.52564868381386365
480,0.52564945128077212
481,0.52565023988556614
482,0.52565104257404249
483,0.52565185043780716
484,0.52565266536650024
485,0.52565348571216874
486,0.52565430342820041
487,0.52565512123622204
488,0.52565593825965418
489,0.5256567470836031
490,0.52565755069605691
491,0.52565834835298364
492,0.52565913266789499
493,0.52565990659738127
494,0.52566066932886224
495,0.52566141346159634
496,0.52566214211903006
497,0.52566285474204166
498,0.52566354419660599
499,0.52566421379110118
500,0.52566486320492911
501,0.52566548557479509
502,0.52566608449915664
503,0.52566665996132778
504,0.52566720540565059
505,0.52566772475347323
506,0.5256682183086181
507,0.52566867983647858
508,0.52566911357897439
509,0.52566952015505486
510,0.52566989363811834
511,0.52567023857434103
512,0.52567055587417821
513,0.52567083989835817
514,0.5256710954621352
515,0.52567132373963865
516,0.52567151934749112
517,0.52567168733765002
518,0.52567182910721422
519,0.52567193954947178
520,0.52567202390607348
521,0.525672083752321
522,0.52567211411155224
523,0.52567212037301847
524,0.52567210426536681
525,0.52567209469981568
526,0.52567206630994412
527,0.52567198679308202
528,0.5256719251803571
529,0.52567184354468999
530,0.52567174736903188
531,0.52567163488050306
532,0.52567150852156952
533,0.52567136969059403
534,0.52567121654684279
535,0.52567105147412108
536,0.52567087582718353
537,0.5256706877365549
538,0.52567048955886464
539,0.52567028262508186
540,0.52567006504404989
541,0.52566983914227228
542,0.52566956341965232
543,0.52566933179601771
544,0.5256690363940939
545,0.52566877637601239
546,0.52566847758639001
547,0.52566815693744384
548,0.52566783212793833
549,0.52566749842221483
550,0.52566716183061546
551,0.52566682453487634
552,0.52566648162202301
553,0.52566613889490355
554,0.52566579822930115
555,0.52566545449151036
556,0.52566511318633291
557,0.5256647759593156
558,0.52566443756682213
559,0.52566410332930091
560,0.52566377478342019
561,0.52566344664060904
562,0.52566312411586247
563,0.52566280867796922
564,0.52566249499145412
565,0.52566218818872623
566,0.52566188966965077
567,0.52566159403455703
568,0.52566130633928931
569,0.52566102791068936
570,0.52566075328090556
571,0.52566048743604166
572,0.52566023163262154
573,0.52565998033484085
574,0.52565973846490444
575,0.52565950715532517
576,0.5256592808707492
577,0.52565906449276634
578,0.5256588591496052
579,0.52565865927213651
580,0.52565846969328378
581,0.52565829148452314
582,0.5256581190189954
583,0.52565795706765195
584,0.5256578066373816
585,0.52565766204212094
586,0.52565752798296839
587,0.52565740539855588
588,0.52565728854141869
589,0.52565718204047041
590,0.52565708676507505
591,0.52565699690663492
592,0.52565691702253914
593,0.52565684791466305
594,0.52565678372284408
595,0.5256567289360935
596,0.52565668429655532
597,0.52565664390525368
598,0.52565661219117188
599,0.5256565898479878
600,0.52565657099032204
601,0.52565655976871672
602,0.52565655282472012
603,0.52565654959920616
604,0.52565655498222874
605,0.52565656240429615
606,0.52565657371357688
607,0.52565658952667127
608,0.52565661588086066
609,0.5256566382063993
610,0.52565666593979854
611,0.52565670402385134
612,0.52565673627180631
613,0.52565677362266694
614,0.52565682090609278
615,0.52565686090855979
616,0.52565690562237344
617,0.52565695971055559
618,0.5256570053991394
619,0.52565706095907694
620,0.52565710722160885
621,0.52565716070833235
622,0.52565720532054128
623,0.52565726021214221
624,0.52565730548063527
625,0.52565735677366532
626,0.52565741535739963
627,0.52565747372016547
628,0.52565753281408123
629,0.52565759333904205
630,0.52565764937610326
631,0.52565770557583436
632,0.52565776275143672
633,0.52565781510071841
634,0.52565786727738961
635,0.52565792016188784
636,0.52565796802080167
637,0.5256580154884456
638,0.52565806347728861
639,0.52565810628501441
640,0.52565814854437376
641,0.52565819118739154
642,0.52565822852766153
643,0.52565826521096359
644,0.5256583021853829
645,0.5256583337756372
646,0.52565836464422544
647,0.525658395754242
648,0.52565842144168973
649,0.52565844638443071
650,0.52565847155942358
651,0.52565849131603781
652,0.52565851034372757
653,0.52565852963327653
654,0.52565854354983954
655,0.52565855678807849
656,0.52565857035154284
657,0.52565857862278986
658,0.52565858629595275
659,0.52565859438818996
660,0.52565859730409581
661,0.52565859972967688
662,0.52565860269515685
663,0.52565860063374104
664,0.52565859821182026
665,0.52565859647388269
666,0.52565858988758363
667,0.52565858514045027
668,0.52565857930073812
669,0.5256585730926604
670,0.52565856566067082
671,0.52565855683254592
672,0.52565854763977404
673,0.52565853736469947
674,0.52565852596697515
675,0.52565851140250308
676,0.52565849592794012
677,0.52565848176366881
678,0.52565846349177481
679,0.52565844558145192
680,0.52565842916063699
681,0.5256584087858297
682,0.52565838886101002
683,0.52565837069497257
684,0.52565834869403361
685,0.52565832727487138
686,0.52565830791458867
687,0.52565828487740607
688,0.52565826269984639
689,0.52565824275056172
690,0.52565821931061008
691,0.52565819697804494
692,0.52565817694644523
693,0.52565815357945
694,0.52565813146586915
695,0.52565811173107191
696,0.52565808878053599
697,0.52565806719831421
698,0.52565804809553018
699,0.52565802587478405
700,0.52565800512954874
701,0.52565798696349175
702,0.52565796576202073
703,0.52565794613518768
704,0.52565792909617015
705,0.52565790899136366
706,0.52565789045555555
707,0.52565787451539203
708,0.52565785558816747
709,0.52565783831053903
710,0.5256578237618762
711,0.52565780635753689
712,0.52565779073194951
713,0.52565777793770341
714,0.52565776237779882
715,0.52565774867943615
716,0.52565773787275438
717,0.52565772435684244
718,0.52565771275077255
719,0.52565770406351886
720,0.52565769269567697
721,0.52565768325498885
722,0.52565767672986119
723,0.52565766752802234
724,0.52565766024342575
725,0.52565765584478918
726,0.52565764875266863
727,0.52565764354561872
728,0.52565764117199576
729,0.52565763607373317
730,0.52565763281147493
731,0.52565763231306328
732,0.52565762904930069
733,0.52565762755945833
734,0.52565762875059718
735,0.52565762713157438
736,0.52565762684632034
737,0.52565762944014693
738,0.52565762917925563
739,0.52565763006554966
740,0.52565763389160913
741,0.52565763468717785
742,0.52565763659085685
743,0.52565764145852067
744,0.52565764314427776
745,0.52565764590434094
746,0.52565765162598133
747,0.52565765404055298
748,0.52565765746980131
749,0.52565766378983103
750,0.52565766665798586
751,0.52565767049870971
752,0.52565767710506073
753,0.52565768013059744
754,0.52565768453844708
755,0.52565769118127814
756,0.52565769449137689
757,0.52565769892306446
758,0.52565770532723721
759,0.52565770834798942
760,0.52565771247110593
761,0.52565771855600707
762,0.52565772123560728
763,0.52565772500429675
764,0.52565773074596578
765,0.52565773308206765
766,0.52565773650290526
767,0.52565774191121584
768,0.52565774392376863
769,0.52565774702292523
770,0.52565775212015686
771,0.52565775383013968
772,0.52565775662900782
773,0.5256577614307264
774,0.52565776291239485
775,0.52565776551742371
776,0.52565777013898562
777,0.52565777144577752
778,0.52565777389848689
779,0.52565777842492234
780,0.52565777969582406
781,0.52565778216390291
782,0.52565778672662977
783,0.52565778805031071
784,0.52565779057221218
785,0.5256577951729926
786,0.52565779652360722
787,0.52565779902959076
788,0.52565780352176827
789,0.52565780467144418
790,0.52565780687817554
791,0.525657811001918
792,0.52565781172394321
793,0.52565781344629692
794,0.52565781705178982
795,0.52565781722708727
796,0.52565781837481573
797,0.52565782139582451
798,0.52565782092081892
799,0.52565782138211714
800,0.52565782371254444
801,0.52565782254712667
802,0.52565782232181968
803,0.52565782398363625
804,0.52565782217139656
805,0.52565782131984462
806,0.52565782246419268
807,0.52565782026049401
808,0.52565781914184928
809,0.52565782011463746
810,0.52565781782886867
811,0.5256578167011281
812,0.52565781771422793
813,0.52565781551393675
814,0.52565781450337856
815,0.52565781561084279
816,0.52565781386487442
817,0.52565781303110137
818,0.5256578143277244
819,0.52565781275497536
820,0.52565781208463502
821,0.52565781355706698
822,0.52565781213042118
823,0.52565781159823532
824,0.52565781375998244
825,0.52565781220048424
826,0.52565781179603821
827,0.52565781405325307
828,0.52565781192582994
829,0.52565781150889934
830,0.52565781374374942
831,0.52565781158410085
832,0.52565781112651433
833,0.52565781332081896
834,0.52565781111800403
835,0.52565781061396277
836,0.525657812766819
837,0.52565781052485583
838,0.52565780998378953
839,0.52565781210755935
840,0.52565780984223787
841,0.5256578092824733
842,0.52565781139669754
843,0.5256578091288282
844,0.52565780857198574
845,0.5256578106971509
846,0.52565780844702847
847,0.52565780791403105
848,0.52565781007081469
849,0.52565780785868588
850,0.52565780736881906
851,0.5256578095738117
852,0.52565780741476187
853,0.52565780698196807
854,0.5256578092480827
855,0.52565780715337018
856,0.52565780678786123
857,0.52565780912318183
858,0.52565780709962873
859,0.52565780680652685
860,0.52565780921440319
861,0.52565780726396794
862,0.52565780704481013
863,0.5256578095261305
864,0.52565780764861547
865,0.52565780750208901
866,0.52565781005368661
867,0.52565780824467545
868,0.52565780816567553
869,0.52565781078178153
870,0.52565780903512871
871,0.5256578090171049
872,0.52565781169132764
873,0.52565781000041167
874,0.52565781003661616
875,0.5256578127608309
876,0.5256578111167558
877,0.52565781119743116
878,0.52565781396231404
879,0.52565781235629272
880,0.52565781247349785
881,0.52565781527082034
882,0.52565781369421449
883,0.52565781383819843
884,0.52565781665793954
885,0.52565781510039333
886,0.52565781526149502
887,0.52565781809480527
888,0.5256578165486212
889,0.52565781671908451
890,0.52565781955823254
891,0.52565781801472189
892,0.52565781818581203
893,0.52565782102237246
894,0.5256578194739433
895,0.52565781963855052
896,0.52565782246594717
897,0.52565782090654567
898,0.52565782105853964
899,0.52565782387040083
900,0.5256578222934748
901,0.52565782242622416
902,0.52565782521708626
903,0.52565782361778313
904,0.5256578237270535
905,0.52565782649270265
906,0.52565782486695611
907,0.52565782494823587
908,0.52565782768484282
909,0.52565782602866362
910,0.52565782607865452
911,0.5256578287835848
912,0.52565782709574438
913,0.52565782711331333
914,0.52565782978534936
915,0.52565782806339756
916,0.52565782804627892
917,0.52565783068321204
918,0.52565782892631174
919,0.52565782887385071
920,0.52565783147619083
921,0.5256578296847112
922,0.52565782959747864
923,0.52565783216517348
924,0.52565783033863656
925,0.52565783021579071
926,0.52565783274865341
927,0.5256578308880574
928,0.52565783073195638
929,0.52565783323244575
930,0.52565783133980193
931,0.52565783115082931
932,0.52565783361924678
933,0.52565783169495961
934,0.52565783147495238
935,0.52565783391376919
936,0.52565783196075822
937,0.52565783171248703
938,0.52565783412404232
939,0.52565783214425466
940,0.52565783186938309
941,0.52565783425561974
942,0.52565783225126117
943,0.52565783195246341
944,0.52565783431649171
945,0.52565783229083585
946,0.52565783197165061
947,0.52565783431592483
948,0.52565783227129681
949,0.52565783193322024
950,0.52565783426011414
951,0.5256578321991735
952,0.52565783184598147
953,0.52565783415918887
954,0.52565783208562533
955,0.52565783171993208
956,0.52565783402198762
957,0.52565783193778348
958,0.52565783156235968
959,0.52565783385559384
960,0.52565783176369529
961,0.52565783138144351
962,0.5256578336693174
963,0.52565783157228263
964,0.52565783118513754
965,0.52565783346839701
966,0.52565783136813549
967,0.52565783097847485
968,0.52565783326086901
969,0.52565783116029019
970,0.52565783077119055
971,0.52565783305431213
972,0.52565783095475038
973,0.52565783056666859
974,0.52565783285156531
975,0.52565783075453432
976,0.52565783036997737
977,0.52565783265914812
978,0.52565783056690951
979,0.52565783018692203
980,0.52565783248106979
981,0.52565783039360869
982,0.52565783001893351
983,0.5256578323189447
984,0.52565783023814039
985,0.52565782987039311
986,0.52565783217773054
987,0.5256578301041861
988,0.52565782974378539
989,0.52565783205799455
990,0.52565782999151145
991,0.52565782963836427
992,0.52565783196019034
993,0.52565782990175824
994,0.52565782955698015
995,0.52565783188697357
996,0.52565782983630449
997,0.52565782949883622
998,0.52565783183626813
999,0.52565782979297782
1000,0.52565782946338457
1001,0.52565783180867609
1002,0.52565782977319686
1003,0.52565782945069195
1004,0.52565783180247838
1005,0.52565782977329223
1006,0.52565782945759543
1007,0.52565783181604286
1008,0.52565782979366549
1009,0.52565782948443673
1010,0.52565783184899451
1011,0.52565782983200371
1012,0.52565782952800943
1013,0.52565783189734872
1014,0.52565782988508258
1015,0.52565782958547924
1016,0.52565783195945637
1017,0.52565782995176391
1018,0.52565782965698682
1019,0.52565783203487215
1020,0.52565783003057853
1021,0.52565782973873099
1022,0.52565783211939376
1023,0.52565783011767864
1024,0.52565782982849618
1025,0.52565783221149309
1026,0.52565783021214108
1027,0.52565782992437804
1028,0.52565783230848051
1029,0.52565783030959778
1030,0.52565783002253186
1031,0.5256578324069795
1032,0.52565783040870917
1033,0.52565783012238254
1034,0.52565783250758946
1035,0.52565783050933768
1036,0.52565783022269608
1037,0.52565783260695498
1038,0.525657830607835
1039,0.52565783032004121
1040,0.52565783270352351
1041,0.52565783070366634
1042,0.52565783041532688
1043,0.52565783279740164
1044,0.52565783079553163
1045,0.52565783050456572
1046,0.52565783288408552
1047,0.52565783087983897
1048,0.52565783058681848
1049,0.52565783296414148
1050,0.52565783095762642
1051,0.52565783066159721
1052,0.52565783303582736
1053,0.5256578310258172
1054,0.52565783072670136
1055,0.52565783309791703
1056,0.5256578310851534
1057,0.52565783078340378
1058,0.52565783315216252
1059,0.5256578311365786
1060,0.52565783083171125
1061,0.52565783319713721
1062,0.52565783117849085
1063,0.52565783087040785
1064,0.52565783323282578
1065,0.52565783121131804
1066,0.52565783090080664
1067,0.52565783326050597
1068,0.52565783123611165
1069,0.52565783092236795
1070,0.52565783327902871
1071,0.52565783125192678
1072,0.52565783093581775
1073,0.52565783329029991
1074,0.5256578312608432
1075,0.52565783094173768
1076,0.52565783329331872
1077,0.5256578312609661
1078,0.52565783093953433
1079,0.52565783328875226
1080,0.52565783125435595
1081,0.52565783093104446
1082,0.52565783327852356
1083,0.52565783124231913
1084,0.52565783091714557
1085,0.52565783326283921
1086,0.52565783122483389
1087,0.52565783089802454
1088,0.52565783324256576
1089,0.52565783120358978
1090,0.52565783087574924
1091,0.52565783321901882
1092,0.52565783117883313
1093,0.52565783084951001
1094,0.52565783319146042
1095,0.52565783115030085
1096,0.52565783082061335
1097,0.52565783316264891
1098,0.52565783112145137
1099,0.52565783079138462
1100,0.52565783313244541
1101,0.52565783109023712
1102,0.52565783075951245
1103,0.52565783310048375
1104,0.52565783105856323
1105,0.52565783072811945
1106,0.5256578330696059
1107,0.52565783102774022
1108,0.52565783069734529
1109,0.52565783303855573
1110,0.52565783099654939
1111,0.52565783066639016
1112,0.52565783300844215
1113,0.52565783096771102
1114,0.52565783063859106
1115,0.52565783298122015
1116,0.52565783094084917
1117,0.52565783061166493
1118,0.52565783295440305
1119,0.52565783091423024
1120,0.5256578305858487
1121,0.52565783292946811
1122,0.52565783089033147
1123,0.52565783056279125
1124,0.52565783290722556
1125,0.5256578308687202
1126,0.52565783054206305
1127,0.5256578328874536
1128,0.52565783085004769
1129,0.52565783052432502
1130,0.52565783287085543
1131,0.52565783083437922
1132,0.52565783050964798
1133,0.52565783285684897
1134,0.52565783082118323
1135,0.52565783049709724
1136,0.52565783284536338
1137,0.52565783081091111
1138,0.52565783048823511
1139,0.52565783283733347
1140,0.52565783080347128
1141,0.52565783048128878
1142,0.52565783283090328
1143,0.52565783079789574
1144,0.52565783047665604
1145,0.52565783282736067
1146,0.52565783079523209
1147,0.52565783047462633
1148,0.52565783282597189
1149,0.52565783079412309
1150,0.52565783047389203
1151,0.52565783282555301
1152,0.52565783079443629
1153,0.52565783047511894
1154,0.52565783282777401
1155,0.52565783079742712
1156,0.52565783047850168
1157,0.52565783283121215
1158,0.52565783080102813
1159,0.52565783048240833
1160,0.5256578328357111
1161,0.52565783080612527
1162,0.52565783048832149
1163,0.52565783284184464
1164,0.52565783081210682
1165,0.52565783049380743
1166,0.52565783284735945
1167,0.52565783081811279
1168,0.52565783050068005
1169,0.52565783285502066
1170,0.52565783082629425
1171,0.52565783050880166
1172,0.52565783286301404
1173,0.52565783083407258
1174,0.52565783051648263
1175,0.52565783287045853
1176,0.52565783084151996
1177,0.52565783052414305
1178,0.52565783287842327
1179,0.52565783084943363
1180,0.52565783053188808
1181,0.52565783288570511
1182,0.52565783085634477
1183,0.52565783053848769
1184,0.52565783289248591
1185,0.52565783086330764
1186,0.5256578305458206
1187,0.52565783289982748
1188,0.52565783087045792
1189,0.52565783055215298
1190,0.52565783290541201
1191,0.52565783087572482
1192,0.52565783055781368
1193,0.52565783291125467
1194,0.52565783088174611
1195,0.52565783056338267
1196,0.52565783291648205
1197,0.5256578308863501
1198,0.52565783056766335
1199,0.52565783292051271
1200,0.5256578308901998
1201,0.5256578305714743
1202,0.52565783292445267
1203,0.5256578308941855
1204,0.52565783057517057
1205,0.52565783292739066
1206,0.52565783089637363
1207,0.52565783057672755
1208,0.52565783292883117
1209,0.52565783089768858
1210,0.52565783057807103
1211,0.52565783292969759
1212,0.52565783089815887
1213,0.5256578305780838
1214,0.52565783292951718
1215,0.52565783089788065
1216,0.52565783057790327
1217,0.52565783292958135
1218,0.52565783089804108
1219,0.52565783057774795
1220,0.52565783292889812
1221,0.52565783089679552
1222,0.5256578305760321
1223,0.52565783292681822
1224,0.52565783089459717
1225,0.52565783057391791
1226,0.52565783292491775
1227,0.52565783089264295
1228,0.52565783057172222
1229,0.52565783292209478
1230,0.52565783088938711
1231,0.52565783056830617
1232,0.52565783291921719
1233,0.52565783088698426
1234,0.52565783056625848
1235,0.5256578329168663
1236,0.52565783088424556
1237,0.52565783056295134
1238,0.52565783291334267
1239,0.52565783088077989
1240,0.52565783055978654
1241,0.52565783291054102
1242,0.52565783087839613
1243,0.52565783055732418
1244,0.52565783290777257
1245,0.52565783087493079
1246,0.52565783055364101
1247,0.52565783290392165
1248,0.52565783087139195
1249,0.52565783055053672
1250,0.52565783290153667
1251,0.525657830869243
1252,0.52565783054838233
1253,0.52565783289902379
1254,0.52565783086639051
1255,0.52565783054525606
1256,0.525657832896266
1257,0.52565783086434381
1258,0.52565783054401571
1259,0.52565783289516121
1260,0.52565783086295825
1261,0.52565783054204174
1262,0.52565783289265555
1263,0.52565783086033968
1264,0.52565783053971249
1265,0.52565783289062074
1266,0.52565783085866058
1267,0.52565783053809034
1268,0.52565783288907109
1269,0.52565783085680462
1270,0.52565783053610937
1271,0.52565783288723644
1272,0.52565783085528539
1273,0.52565783053489823
1274,0.52565783288622281
1275,0.5256578308542651
1276,0.5256578305338574
1277,0.5256578328850301
1278,0.52565783085318185
1279,0.52565783053276194
1280,0.52565783288428103
1281,0.52565783085271089
1282,0.52565783053274828
1283,0.52565783288430723
1284,0.52565783085275486
1285,0.52565783053255877
1286,0.52565783288391377
1287,0.52565783085242945
1288,0.52565783053260584
1289,0.52565783288443568
1290,0.52565783085302498
1291,0.52565783053304571
1292,0.52565783288476431
1293,0.52565783085321538
1294,0.5256578305331312
1295,0.52565783288480483
1296,0.5256578308535701
1297,0.52565783053381021
1298,0.52565783288585721
1299,0.52565783085465623
1300,0.52565783053478066
1301,0.52565783288629675
1302,0.52565783085471807
1303,0.52565783053483883
1304,0.52565783288673662
1305,0.52565783085573536
1306,0.52565783053633153
1307,0.52565783288837831
1308,0.52565783085717299
1309,0.52565783053721704
1310,0.5256578328889896
1311,0.52565783085781836
1312,0.52565783053841086
1313,0.52565783289077472
1314,0.52565783085994766
1315,0.52565783054026982
1316,0.52565783289224288
1317,0.52565783086105622
1318,0.52565783054141391
1319,0.52565783289321633
1320,0.52565783086209861
1321,0.52565783054251625
1322,0.52565783289461043
1323,0.52565783086356133
1324,0.52565783054381054
1325,0.52565783289539236
1326,0.52565783086368212
1327,0.52565783054362714
1328,0.52565783289552193
1329,0.52565783086448303
1330,0.52565783054498338
1331,0.52565784136536875
