"Iteration: Iteration","Continuity: Continuity"
1,1
2,0.8387170188756855
3,0.71025864902982738
4,0.60699255148680098
5,0.51890311568112879
6,0.44452503527579684
7,0.38234606194136916
8,0.33080320592486756
9,0.28863503054946199
10,0.25442122786943583
11,0.22641400054558536
12,0.20356565249659447
13,0.18485356036541653
14,0.16933627425181555
15,0.15652101615241365
16,0.14594717991737616
17,0.13718354651691619
18,0.12971113966029782
19,0.12319703193547277
20,0.11758134781255344
21,0.11279566065808426
22,0.10887204229126114
23,0.10594231235229577
24,0.10397082375569942
25,0.10284315954997458
26,0.10227138326705197
27,0.10198740874503533
28,0.10171058843324053
29,0.10118816233331739
30,0.10027878176493303
31,0.098844677408873788
32,0.096979084165001159
33,0.094676663618819865
34,0.092110195637748221
35,0.089328968251128973
36,0.086359195688577139
37,0.083272836038841086
38,0.080165199246559404
39,0.077023985422320695
40,0.073870366073670438
41,0.070661338639175814
42,0.067607312517404344
43,0.064860191659848077
44,0.062476318710389993
45,0.060574510553808858
46,0.05931340662087458
47,0.058691033274120438
48,0.058949151058279248
49,0.060137825680809755
50,0.062185538724861433
51,0.065053014441821294
52,0.06703342860420082
53,0.069773684107582765
54,0.070773992827320054
55,0.072107706773244337
56,0.073656756343594268
57,0.075804421246894488
58,0.076251168609126591
59,0.07775809399801803
60,0.077009555726446091
61,0.076443635009673688
62,0.075992122215334204
63,0.076129187946705729
64,0.074502474518124279
65,0.073643294959727601
66,0.070649580169817427
67,0.068143647923623263
68,0.064290757307493368
69,0.060982468080900354
70,0.057077258244190583
71,0.053622382551552175
72,0.049922589198676405
73,0.046652512953902089
74,0.043166858355282646
75,0.0401020142694552
76,0.037133097605023042
77,0.034621506538169672
78,0.032227112526535442
79,0.030125309811808033
80,0.028391831480683669
81,0.02682526174531458
82,0.025560632143333047
83,0.024459348407939955
84,0.023565887109312796
85,0.022828935223312228
86,0.02228488969701093
87,0.021893630583025944
88,0.021610673065018508
89,0.021492375904211429
90,0.021418508086024177
91,0.021451360823008556
92,0.021507740795023614
93,0.021586486923554592
94,0.02156931921474517
95,0.021536034520853516
96,0.021505474652077076
97,0.021420733592898686
98,0.02118397521809735
99,0.020663980622289437
100,0.020171388713973806
101,0.020009479452062284
102,0.02001786895917208
103,0.020036488334946173
104,0.02023689320204692
105,0.021110245457211199
106,0.021678908731451105
107,0.022397022190186366
108,0.023034875432381176
109,0.02320359162132974
110,0.023906516115739088
111,0.025285933772256308
112,0.026413573536545935
113,0.026515108534063352
114,0.026343121752785376
115,0.026907215436002486
116,0.029242253712363522
117,0.030190478686163029
118,0.028343058881447513
119,0.026325921443686024
120,0.026704260855021679
121,0.027479976834748773
122,0.02558021396934643
123,0.025045931081709379
124,0.023594354032440267
125,0.021349860273259021
126,0.019114440135974204
127,0.017265597005325432
128,0.016296625198037755
129,0.014647816727355125
130,0.012792704107677723
131,0.011204361263328319
132,0.0097341779811148266
133,0.0086784366179297467
134,0.0078785263163455785
135,0.0073466288697799087
136,0.0069855260783136036
137,0.0066689049797860212
138,0.0065795070173617215
139,0.0065479363649743388
140,0.0065610863694012421
141,0.0064616323723411034
142,0.0062751366746887647
143,0.0059800401483605346
144,0.0056230367090729025
145,0.0052390910485659095
146,0.0049389063604461892
147,0.0047110488911436474
148,0.0045815672806891992
149,0.0045931303229207639
150,0.0047648279019401702
151,0.0049640312095387742
152,0.0053210600089160526
153,0.0058246804587191768
154,0.0063970551129093082
155,0.0070137463897558391
156,0.007641311420836289
157,0.0082617905858269475
158,0.0089141115267768519
159,0.0095225328952764539
160,0.009802380344350296
161,0.010179868090638847
162,0.010246237188337479
163,0.010906150234477387
164,0.011643856177724265
165,0.011882005960163372
166,0.011667438981906532
167,0.011797887028657838
168,0.012255482245738778
169,0.012439691664111473
170,0.012079301927476475
171,0.011960334477255159
172,0.012074948858704719
173,0.011639798476958627
174,0.011349914624607204
175,0.011108883630901718
176,0.010890145447102277
177,0.01055610868766513
178,0.010083937533693847
179,0.0095748086337950882
180,0.0091030581785998335
181,0.0087467481545741195
182,0.0080265154139569812
183,0.0073293818544836803
184,0.0068700463654911888
185,0.0065432332065290776
186,0.0063515340571073456
187,0.0058048708115727259
188,0.005303543903596112
189,0.0048779484848685229
190,0.004545035647631996
191,0.0042812639919581263
192,0.0040651727413290031
193,0.0038605579250835086
194,0.0036909021925481049
195,0.0035687642591348693
196,0.0034939998430463773
197,0.0034200941737731832
198,0.0033669329940035314
199,0.0033276698007003139
200,0.0032934240261814824
201,0.0032611759801719382
202,0.0032424980262497709
203,0.0032636709939907406
204,0.0033026398342900732
205,0.0033614497475154665
206,0.0034415031086086241
207,0.0035101155964296239
208,0.0035813186751284349
209,0.0036871749698815259
210,0.0037934108831633468
211,0.0038344631790577189
212,0.0037592705887118045
213,0.0037752311476961136
214,0.0038615326817711126
215,0.0039617727095381848
216,0.0040767999697698667
217,0.0041653431429177438
218,0.0043081193111387103
219,0.0043997730547719058
220,0.0044829432492267439
221,0.0045420852935190376
222,0.0046052092846361956
223,0.0047048043136967655
224,0.0048251532256853415
225,0.004885605339560159
226,0.004887064922208275
227,0.0049281143396941807
228,0.0049584026409855335
229,0.0049721875013686301
230,0.0049698248544701477
231,0.0049046501333047882
232,0.0048346648045509647
233,0.0048005355085472485
234,0.0047834442764344946
235,0.0047601483237865371
236,0.0047397384011263685
237,0.0047550470743955532
238,0.0047597155084655729
239,0.0046776316713915949
240,0.0045185671858338173
241,0.0045232787495649851
242,0.0046393628262196909
243,0.0046138516720800708
244,0.0043566335586263981
245,0.0042140249999734229
246,0.0041569077581755497
247,0.0041250970187627139
248,0.0040294898890135085
249,0.0039583540805285785
250,0.0038277601196373733
251,0.0036495077376215283
252,0.0035508153992408224
253,0.0035016606999500738
254,0.0034517393409143732
255,0.003423940762118723
256,0.0033886063613061275
257,0.0032912059952557682
258,0.003235950090378783
259,0.0032052180722600149
260,0.0032033603696262525
261,0.003220950645872067
262,0.0032113163366770093
263,0.0032008890293356317
264,0.0032089893759983446
265,0.0032027165251533765
266,0.0032184653880383803
267,0.0031517303735416054
268,0.0029740064933978
269,0.0028446277295437316
270,0.0027476161706637488
271,0.0026754107156782749
272,0.0025823940304765779
273,0.0023380784950109939
274,0.0021353438303443554
275,0.0019596587365546371
276,0.0018109961083828576
277,0.0017002839637908686
278,0.0015989890905226136
279,0.001520986318331172
280,0.0014379819606996182
281,0.0013725995604587503
282,0.0013156858980632642
283,0.0011515103480511085
284,0.0010144402151771093
285,0.00089754544185578614
286,0.00079339145423958828
287,0.00070951798117192073
288,0.00064158276405050388
289,0.00058543751861297403
290,0.00054005543958592214
291,0.00050397070483659974
292,0.00047511660403284033
293,0.00045193123115915907
294,0.00043339506897563249
295,0.0004149219644501518
296,0.0004005259333001173
297,0.00038870424201195797
298,0.00037844316451349778
299,0.00036901330540597385
300,0.00035987952291466644
301,0.00035171350813772019
302,0.00034413071205534091
303,0.00033618707259045188
304,0.00032746091635042426
305,0.00031805296731030242
306,0.00030724999722277305
307,0.00029508185419845252
308,0.00028178609963819062
309,0.00026762976043536677
310,0.00025290456085005973
311,0.00023795604745368957
312,0.00022319701754958747
313,0.00020905643050129133
314,0.00019597075344141671
315,0.00018467366358636701
316,0.00017597200756585947
317,0.00017060362688119755
318,0.00016920229773815157
319,0.00017211519293004656
320,0.00017923807681951691
321,0.00019014424592484001
322,0.00020429912717603255
323,0.00022107094938475478
324,0.0002397819946806993
325,0.00025977132254366702
326,0.00028043443620304415
327,0.00030202900332922691
328,0.00032419576219347521
329,0.00034664127117924325
330,0.00036634030024759859
331,0.00037957581549383598
332,0.00039775953688648413
333,0.00041740406292454786
334,0.00043634194550617675
335,0.00045589498955742101
336,0.0004757983015731589
337,0.00049563618443412263
338,0.00051517986698441313
339,0.00053465653376861925
340,0.00055450252741438323
341,0.00056445593511804642
342,0.00058310816328350687
343,0.00060413339371069401
344,0.00062549077544612455
345,0.00064638120197322928
346,0.00066598575421329893
347,0.00068257157368291777
348,0.00069923645425520019
349,0.00071551329418544833
350,0.00073102166796259723
351,0.00074547934111902729
352,0.00075868825736765267
353,0.00077185635836382811
354,0.00078430075950942186
355,0.00079555645071026923
356,0.00078989742999564013
357,0.0007812180137479601
358,0.00077832136271461713
359,0.00077763425717587969
360,0.00077678984738641869
361,0.0007727404924121221
362,0.00076879104628722016
363,0.00076520682268033634
364,0.00076079497739588034
365,0.00075528705391166831
366,0.00074832811503954769
367,0.00073982816027222712
368,0.00073035666481917479
369,0.00072021101795430992
370,0.0007094337781996823
371,0.00069809862710455976
372,0.00068614198736511071
373,0.00067319429641086136
374,0.00065990435919671632
375,0.00064635829926101276
376,0.00063262197018879691
377,0.00061874261325388477
378,0.0006030599692744557
379,0.0005902300180343202
380,0.00057993885684419911
381,0.00056959914121172185
382,0.00055850717669895177
383,0.00053720203566022453
384,0.00052746179227421684
385,0.00050647058318407749
386,0.00048907563538839289
387,0.00047377232778539482
388,0.00045957052951070185
389,0.00044624366201818845
390,0.00043352927078003966
391,0.00042124291520137866
392,0.0004092573184481099
393,0.00039754590765450371
394,0.00038612959238249909
395,0.00037467126582337224
396,0.00036325122545699052
397,0.00035192428330200099
398,0.00034027104170736473
399,0.0003288692272379294
400,0.00032067730757421686
401,0.0003142086914914468
402,0.00030858954961883651
403,0.0003033003277700091
404,0.00029802843805271675
405,0.00029258003697565411
406,0.00028684462865527722
407,0.00028076603347575575
408,0.00027431581232335465
409,0.00026749934880902001
410,0.0002562310449537896
411,0.00023905835781952501
412,0.00022466891066994884
413,0.00021197649261081136
414,0.00020036610526198866
415,0.00018987565435263536
416,0.00018007126156428484
417,0.00017118947502178301
418,0.00016286970113091928
419,0.00015516147554693491
420,0.00014803596958622798
421,0.00014128837820808144
422,0.00013520425857037964
423,0.00012925309949962758
424,0.00012407086616711787
425,0.00011880434844201405
426,0.00011450137510978645
427,0.00010989544285722719
428,0.00010623847930198622
429,0.00010212167572370877
430,9.8956311695171944e-05
431,9.5285564820100257e-05
432,9.2673698118532681e-05
433,8.9452440421004337e-05
434,8.728082126746486e-05
435,8.4423650993675146e-05
436,8.2100382999410686e-05
437,8.0904065857897691e-05
438,7.9579346303326948e-05
439,7.8806904511323036e-05
440,7.8607773499198098e-05
441,7.8997033611189559e-05
442,7.9971910330710373e-05
443,8.1504063493818897e-05
444,8.2887199130094962e-05
445,8.3937357462428709e-05
446,8.4552871397437023e-05
447,8.4763090757483439e-05
448,8.4613603621601282e-05
449,8.4151304991723176e-05
450,8.3417944354311077e-05
451,8.2449014443517884e-05
452,8.1273179516610459e-05
453,7.9913454865571606e-05
454,7.8389173936266958e-05
455,7.6716234954460471e-05
456,7.4908071259738624e-05
457,7.2977267113643029e-05
458,7.0935173670511102e-05
459,6.786224033479057e-05
460,6.507406374618866e-05
461,6.2472705984116118e-05
462,5.9989306494966618e-05
463,5.7782121496413797e-05
464,5.5746928186372466e-05
465,5.3612031757155446e-05
466,5.1419659136734976e-05
467,4.9191497922199806e-05
468,4.6939186061492635e-05
469,4.4671480715548652e-05
470,4.2396175832662272e-05
471,4.0120870269697969e-05
472,3.7855229358588521e-05
473,3.5657685781566999e-05
474,3.3412974864371585e-05
475,3.1209798969840638e-05
476,2.9082594235301709e-05
477,2.6992936071262297e-05
478,2.5008245982566556e-05
479,2.3130710998628266e-05
480,2.1395602770580951e-05
481,1.9843935670582537e-05
482,1.8511157824722596e-05
483,1.7428325514523915e-05
484,1.6621945959139588e-05
485,1.6106347558887704e-05
486,1.5878788515022597e-05
487,1.5923078272434605e-05
488,1.6209087051436253e-05
489,1.669638880973406e-05
490,1.7343794604295577e-05
491,1.8110728718847856e-05
492,1.8959451886184365e-05
493,1.9602329567919114e-05
494,1.996833514334888e-05
495,2.0456983792852448e-05
496,2.0992619102050419e-05
497,2.1533939797028476e-05
498,2.2055511485836383e-05
499,2.254330074514443e-05
500,2.2988966496998493e-05
501,2.3386933238537829e-05
502,2.3735185694648371e-05
503,2.4032712626001798e-05
504,2.4278303515215467e-05
505,2.4472608240653267e-05
506,2.4616126054403121e-05
507,2.4708628824299958e-05
508,2.4751240159641937e-05
509,2.4744945874380457e-05
510,2.4690055050154894e-05
511,2.4588143030571069e-05
512,2.4440716662564315e-05
513,2.4248620851480516e-05
514,2.4013906977185015e-05
515,2.373854748191319e-05
516,2.3423750128120226e-05
517,2.3071910405106842e-05
518,2.2659563219574705e-05
519,2.2226827797143844e-05
520,2.1773108869409002e-05
521,2.129660786814722e-05
522,2.0796434904698265e-05
523,2.0273843044943111e-05
524,1.9730434088360569e-05
525,1.8900931582776146e-05
526,1.8164083880468053e-05
527,1.7715553690651002e-05
528,1.6982139648446823e-05
529,1.632552725413958e-05
530,1.5701188849158043e-05
531,1.5098048713358027e-05
532,1.4510084843713115e-05
533,1.3933091350905941e-05
534,1.3364105879695693e-05
535,1.2802924481858912e-05
536,1.2249492135302202e-05
537,1.1703559075862639e-05
538,1.1167088396581186e-05
539,1.0641350437791113e-05
540,1.0126853752532305e-05
541,9.6268087677228207e-06
542,9.1531629524567686e-06
543,8.6777298096753055e-06
544,8.2274013664607049e-06
545,7.7982187995595951e-06
546,7.3946934501399793e-06
547,7.0242595389166499e-06
548,6.6926092021146156e-06
549,6.4024181150556717e-06
550,6.1588495029119568e-06
551,5.9635413639158874e-06
552,5.8152915622978444e-06
553,5.7155382436645131e-06
554,5.6617288396746105e-06
555,5.6488221268539244e-06
556,5.6750798734595453e-06
557,5.7352827402538943e-06
558,5.8226134934015356e-06
559,5.9343546214217325e-06
560,6.0649990636222017e-06
561,6.2081745136542782e-06
562,6.3618745513975877e-06
563,6.5217816270299853e-06
564,6.682864794496911e-06
565,6.8443027032020241e-06
566,7.0030370706519542e-06
567,7.1553206535819457e-06
568,7.3013352149406063e-06
569,7.4390693559984727e-06
570,7.5657421845345675e-06
571,7.682261304969045e-06
572,7.7873756035076657e-06
573,7.8789493858034251e-06
574,7.9582133648908873e-06
575,8.0248603974079254e-06
576,8.0766757021758968e-06
577,8.1151172674941426e-06
578,8.1406485888372973e-06
579,8.151449812242062e-06
580,8.1490892941940747e-06
581,8.134287848994986e-06
582,8.1052156709263011e-06
583,8.0637627041671967e-06
584,8.0107597646919215e-06
585,7.9443541850155658e-06
586,7.8666966092104287e-06
587,7.7787168858147312e-06
588,7.6785540341667583e-06
589,7.5685103494078555e-06
590,7.4496051020553086e-06
591,7.3199080961644529e-06
592,7.1818673769384583e-06
593,7.0365943229552262e-06
594,6.8820366255703222e-06
595,6.7208153802475797e-06
596,6.5541319884846782e-06
597,6.3797438106660834e-06
598,6.2004465741415855e-06
599,6.0175170478321583e-06
600,5.7407642463884758e-06
601,5.5744739826864664e-06
602,5.3075215325114903e-06
603,5.0736118664554687e-06
604,4.9235616385760863e-06
605,4.6966685094141139e-06
606,4.4871477373740265e-06
607,4.2871610704724096e-06
608,4.1389350013575535e-06
609,3.932782420228084e-06
610,3.7400861562388524e-06
611,3.5849593626957581e-06
612,3.3910880791799954e-06
613,3.2087503952204169e-06
614,3.0521525624719598e-06
615,2.8737654611195878e-06
616,2.705448583194597e-06
617,2.5540535261977094e-06
618,2.394163535093863e-06
619,2.2465028063835194e-06
620,2.1046503217925789e-06
621,1.9671389838468087e-06
622,1.8374283380266399e-06
623,1.7207484297993178e-06
624,1.6061745467887469e-06
625,1.503306266264803e-06
626,1.4177761877905995e-06
627,1.3387294729849072e-06
628,1.2757549479303396e-06
629,1.2329367707270169e-06
630,1.1950559145951674e-06
631,1.1725503534418747e-06
632,1.1680527300155714e-06
633,1.1646169073123219e-06
634,1.1724569044183565e-06
635,1.1933167175598323e-06
636,1.2105444703734213e-06
637,1.2341942355066408e-06
638,1.2659674893008402e-06
639,1.2905830197401233e-06
640,1.3179029146809426e-06
641,1.3499058915925422e-06
642,1.3727048794110689e-06
643,1.3959029174920113e-06
644,1.4217601346461698e-06
645,1.4374243510104616e-06
646,1.4522571205466574e-06
647,1.4687388358585271e-06
648,1.4746685210673265e-06
649,1.4792467991361758e-06
650,1.485151235336739e-06
651,1.4804722330571983e-06
652,1.4743938332981139e-06
653,1.4697890943531369e-06
654,1.4547334171398227e-06
655,1.4385351020759053e-06
656,1.4242933756861245e-06
657,1.399752849342249e-06
658,1.3745241293016093e-06
659,1.3519848082674942e-06
660,1.3192481431611205e-06
661,1.2864115646573845e-06
662,1.2572062128345922e-06
663,1.21778688341583e-06
664,1.1789414714024944e-06
665,1.1448902061102787e-06
666,1.1003839081094317e-06
667,1.0443514577166671e-06
668,1.0118655492488848e-06
669,9.5321697129269317e-07
670,9.0667581097930271e-07
671,8.7398256172068292e-07
672,8.2232263570689378e-07
673,7.7969456065354848e-07
674,7.4703124146782206e-07
675,7.0081064545621268e-07
676,6.6207609088378652e-07
677,6.2857386943235429e-07
678,5.8082638418834223e-07
679,5.429865398726754e-07
680,5.1340043663546775e-07
681,4.6705385454086319e-07
682,4.3407193995152078e-07
683,4.1250218683050189e-07
684,3.7061995637856287e-07
685,3.465868624580088e-07
686,3.3733676355187615e-07
687,3.0404591893299677e-07
688,2.9358871937082164e-07
689,2.9963179981652992e-07
690,2.7896422223682074e-07
691,2.8320399831530292e-07
692,3.0218837550395238e-07
693,2.9382487963950732e-07
694,3.0805752618560037e-07
695,3.3366955942552954e-07
696,3.3313209771639908e-07
697,3.5143495642391675e-07
698,3.7837709297772978e-07
699,3.8117683954426541e-07
700,3.9965083215757699e-07
701,4.2504440270278136e-07
702,4.2821811463733913e-07
703,4.4170530752014252e-07
704,4.6863587062660082e-07
705,4.6943326088965989e-07
706,4.807176364436059e-07
707,5.0169263793486155e-07
708,5.0549564156866799e-07
709,5.1110189133459331e-07
710,5.2786360887129862e-07
711,5.2783321879519766e-07
712,5.3050623262530322e-07
713,5.4521793860226218e-07
714,5.4097780664324841e-07
715,5.4077599369979334e-07
716,5.5285042657599764e-07
717,5.4518152042862818e-07
718,5.4207268396701789e-07
719,5.5145619790632246e-07
720,5.4076329202683147e-07
721,5.3486409682679357e-07
722,5.4183387551628088e-07
723,5.2834649334164182e-07
724,5.1984325291084827e-07
725,5.2478253047161353e-07
726,5.0870579651026308e-07
727,4.9783276082564257e-07
728,5.0122663214865524e-07
729,4.8275295901488469e-07
730,4.6976882668940809e-07
731,4.721570553182303e-07
732,4.5146626250527733e-07
733,4.3663882957896016e-07
734,4.386401918282624e-07
735,4.1593547210389456e-07
736,3.9380268181667616e-07
737,3.9819524144438858e-07
738,3.7270085793713717e-07
739,3.5183661226227936e-07
740,3.5817200226394652e-07
741,3.3184525651289856e-07
742,3.1166348001641936e-07
743,3.1977837927487709e-07
744,2.9241914798604466e-07
745,2.7263905670162444e-07
746,2.831483312148241e-07
747,2.4984957203791771e-07
748,2.3444747150496115e-07
749,2.4705474094970278e-07
750,2.1476360138755536e-07
751,2.0056927552994698e-07
752,2.1512033309316627e-07
753,1.8238302505145951e-07
754,1.6943455966226681e-07
755,1.8885956044846215e-07
756,1.5546209055790683e-07
757,1.4386720607572708e-07
758,1.6836785340676691e-07
759,1.3514073742886451e-07
760,1.2569961639793082e-07
761,1.558276321537851e-07
762,1.2313020192028248e-07
763,1.1628593210364847e-07
764,1.5056672310077908e-07
765,1.1918872599785e-07
766,1.1460981122583902e-07
767,1.5078966031822771e-07
768,1.2105027940801029e-07
769,1.1793822820599933e-07
770,1.5410863000293354e-07
771,1.2576876950210975e-07
772,1.2324704983664796e-07
773,1.5739972685605883e-07
774,1.3171994529310877e-07
775,1.288648235139734e-07
776,1.6099337324750186e-07
777,1.4653647593126599e-07
778,1.3371076818200965e-07
779,1.6686688725427269e-07
780,1.4505319751236753e-07
781,1.3271588973203915e-07
782,1.70568703731647e-07
783,1.4357449116051374e-07
784,1.312295726052507e-07
785,1.7059075674555645e-07
786,1.3257658379797683e-07
787,1.2715614721540075e-07
788,1.6537302254650101e-07
789,1.3079311929112687e-07
790,1.2501111809217287e-07
791,1.5917791936474697e-07
792,1.2708004491550849e-07
793,1.2056270714533512e-07
794,1.5401347809037469e-07
795,1.218390090558603e-07
796,1.1469711661357499e-07
797,1.5007658005575598e-07
798,1.1492845026465765e-07
799,1.0751503692085426e-07
800,1.4551845687696784e-07
801,1.0852715271246338e-07
802,1.0091785303493283e-07
803,1.3998728471758177e-07
804,1.022373024190476e-07
805,1.1106691287253284e-07
806,1.3074092796726471e-07
807,9.428389385086967e-08
808,1.0030790085038046e-07
809,1.3050031510446297e-07
810,8.5499184323688091e-08
811,9.1453416471885713e-08
812,1.2832010189958475e-07
813,7.8242722918998804e-08
814,8.4750199444405122e-08
815,1.2514355755394304e-07
816,7.1362888765933029e-08
817,7.930888853819092e-08
818,1.2231121903744726e-07
819,6.6434337913720966e-08
820,7.5648767777721002e-08
821,1.1974468789805995e-07
822,6.2804220624383523e-08
823,7.3016714005794638e-08
824,1.1717163541621584e-07
825,6.1357881156820558e-08
826,7.1611256799049769e-08
827,1.1585108924147648e-07
828,5.8926131520402524e-08
829,6.9771707889065283e-08
830,1.1565337283944358e-07
831,5.7633206963953587e-08
832,6.887068501617341e-08
833,1.1548739562642699e-07
834,5.700565236165365e-08
835,6.8445721859560032e-08
836,1.1540445741626707e-07
837,5.6765930023496923e-08
838,6.8316406111577921e-08
839,1.1535044045005292e-07
840,5.6698082568428315e-08
841,6.8285111034195525e-08
842,1.1532229276122531e-07
843,5.6661443671328204e-08
844,6.8253779826199433e-08
845,1.1529403451011591e-07
846,5.6598918056785006e-08
847,6.8190268264101455e-08
848,1.1524500850182319e-07
849,5.648579501223697e-08
850,6.8080160152552867e-08
851,1.1517814478436803e-07
852,5.6324660953172224e-08
853,6.7937564477456474e-08
854,1.1508653695385165e-07
855,5.6130045868730938e-08
856,6.7767872862608812e-08
857,1.1498885660997694e-07
858,5.5920739801416664e-08
859,6.7594772830928744e-08
860,1.1488785970003838e-07
861,5.5714247751726859e-08
862,6.7425521303792662e-08
863,1.1479870998418177e-07
864,5.5525572863216332e-08
865,6.728013248412362e-08
866,1.1471322257765298e-07
867,5.5369471963695323e-08
868,6.7160205035237513e-08
869,1.14647539731566e-07
870,5.5247357607268747e-08
871,6.7068685416141462e-08
872,1.1460197210428821e-07
873,5.5164001483479227e-08
874,6.7009347985231352e-08
875,1.1457782420900691e-07
876,5.5119770585227404e-08
877,6.6984501612603096e-08
878,1.1456978193758905e-07
879,5.5118025952913345e-08
880,6.6992749151898523e-08
881,1.1458008738201487e-07
882,5.515302195841749e-08
883,6.7033485936713581e-08
884,1.1460631477129699e-07
885,5.5224534409368559e-08
886,6.7101397345867359e-08
887,1.1464702940945403e-07
888,5.5325317263441063e-08
889,6.7190592298298427e-08
890,1.1470365583066153e-07
891,5.5449426146423978e-08
892,6.7298043987871334e-08
893,1.1476881468096178e-07
894,5.559020939856062e-08
895,6.7418742412913401e-08
896,1.148406543835055e-07
897,5.5741878989381729e-08
898,6.7545751226854003e-08
899,1.149159376921851e-07
900,5.5897276480249565e-08
901,6.7674768574216904e-08
902,1.1498708660059231e-07
903,5.6049378802989083e-08
904,6.779770122203715e-08
905,1.1504859593740126e-07
906,5.6184405339158764e-08
907,6.7901198061071735e-08
908,1.1510435970360166e-07
909,5.6286938239519986e-08
910,6.7975502185642444e-08
911,1.1514967510228318e-07
912,5.6358328248363731e-08
913,6.802905848886511e-08
914,1.1517387840568883e-07
915,5.6403453490047624e-08
916,6.805710098776017e-08
917,1.1518388376655569e-07
918,5.6409076442323097e-08
919,6.8051582322190235e-08
920,1.1518023009187543e-07
921,5.6385360241807658e-08
922,6.8025185351693888e-08
923,1.1515601073522653e-07
924,5.6333364193957551e-08
925,6.7974705693003606e-08
926,1.1511586195385379e-07
927,5.6253722817739067e-08
928,6.7899811731177219e-08
929,1.1507343670314205e-07
930,5.6152346375553289e-08
931,6.7814014138274978e-08
932,1.1501944147255823e-07
933,5.6040647987243815e-08
934,6.7716875760443237e-08
935,1.1496450316796173e-07
936,5.5918884289047805e-08
937,6.761700348255516e-08
938,1.1490379906411452e-07
939,5.580056877134819e-08
940,6.7519435166746986e-08
941,1.1484450626000587e-07
942,5.5681935009754409e-08
943,6.7420847668533717e-08
944,1.1479358730614954e-07
945,5.5568909378298904e-08
946,6.7332367873362429e-08
947,1.1474197623761236e-07
948,5.546802614830901e-08
949,6.7253177999481931e-08
950,1.1469434535707643e-07
951,5.5379696241694922e-08
952,6.7183462490160505e-08
953,1.1465398235527119e-07
954,5.5303658289342081e-08
955,6.712393869687804e-08
956,1.146226194378506e-07
957,5.5239592203657815e-08
958,6.7074913644897956e-08
959,1.1459691951783453e-07
960,5.5191461397494284e-08
961,6.703851709712366e-08
962,1.1457852621922823e-07
963,5.5153372804816888e-08
964,6.7011511371669896e-08
965,1.1456180173748649e-07
966,5.5128098448388551e-08
967,6.6990850582037227e-08
968,1.1455521059449223e-07
969,5.5107423444143477e-08
970,6.6978376800663128e-08
971,1.1454610627613208e-07
972,5.5097689204950869e-08
973,6.6971021842410935e-08
974,1.1454299141327891e-07
975,5.5089237125925249e-08
976,6.6964876388717506e-08
977,1.1454014902628931e-07
978,5.5086814232532933e-08
979,6.6963190978885342e-08
980,1.145403940727207e-07
981,5.5085180573715576e-08
982,6.6961797838598636e-08
983,1.1454115995370359e-07
984,5.5083403734367841e-08
985,6.6960807397249732e-08
986,1.1454206140433772e-07
987,5.5081912000962118e-08
988,6.6960755730540173e-08
989,1.145404185331547e-07
990,5.5083280170547438e-08
991,6.6961798134304098e-08
992,1.1453699859260471e-07
993,5.5083883713035357e-08
994,6.6959704439129816e-08
995,1.1454000000659691e-07
996,5.5078957974353093e-08
997,6.6957721643629106e-08
998,1.1453748797890325e-07
999,5.507792183988028e-08
1000,6.6955927992279107e-08
1001,1.1453690827354621e-07
1002,5.5072790650675171e-08
1003,6.695259333722487e-08
1004,1.1453465132206861e-07
1005,5.5071394406468828e-08
1006,6.6949768996699321e-08
1007,1.1453428498196201e-07
1008,5.5067401179231336e-08
1009,6.6946791811646578e-08
1010,1.1453219987073451e-07
1011,5.5064100047535504e-08
1012,6.6942868508775823e-08
1013,1.1453266544322558e-07
1014,5.5058930405416956e-08
1015,6.6941111100388753e-08
1016,1.1452943664236717e-07
1017,5.5058553342395476e-08
1018,6.6938948131870772e-08
1019,1.1453016383150752e-07
1020,5.5054763771118572e-08
1021,6.6938596085278687e-08
1022,1.1452603682661206e-07
1023,5.5056472282730749e-08
1024,6.6937639272197572e-08
1025,1.1452739073596992e-07
1026,5.5053743558240596e-08
1027,6.6937940202853625e-08
1028,1.1452421110020332e-07
1029,5.5055921295441609e-08
1030,6.6937095319805442e-08
1031,1.1452663939592852e-07
1032,5.505372012418374e-08
1033,6.6935482746487117e-08
1034,1.1452866529114219e-07
1035,5.505327121152163e-08
1036,6.6937035891944454e-08
1037,1.1452655822046329e-07
1038,5.5055174100177569e-08
1039,6.6936959472853002e-08
1040,1.1452905587691229e-07
1041,5.5054326514118151e-08
1042,6.6938927179611445e-08
1043,1.1452631694969436e-07
1044,5.5056926308622037e-08
1045,6.6938356718158361e-08
1046,1.1452991848415371e-07
1047,5.5057048836061472e-08
1048,6.6940324462427407e-08
1049,1.1452685932491935e-07
1050,5.505974478807806e-08
1051,6.6941775387259595e-08
1052,1.1452746184045454e-07
1053,5.5059811795697854e-08
1054,6.6940458235566146e-08
1055,1.1453029445770799e-07
1056,5.5057436375519333e-08
1057,6.6939727991967727e-08
1058,1.1452957030840445e-07
1059,5.5059318626311983e-08
1060,6.6941849103057095e-08
1061,1.1452760091456789e-07
1062,5.5059292976820991e-08
1063,6.6941437980924862e-08
1064,1.1452610815366354e-07
1065,5.5059684261801377e-08
1066,6.6940271235813317e-08
1067,1.1452916353688199e-07
1068,5.5057213291618773e-08
1069,6.6939312811957745e-08
1070,1.1452709972762136e-07
1071,5.5058641633612314e-08
1072,6.693937516119156e-08
1073,1.1452865633992457e-07
1074,5.5056465810723768e-08
1075,6.6939185150123419e-08
1076,1.1452707755649779e-07
1077,5.5056411980876444e-08
1078,6.693928499618629e-08
1079,1.1452625778776855e-07
1080,5.5054628491504162e-08
1081,6.6937027078575135e-08
1082,1.1452597928461276e-07
1083,5.5055464982116406e-08
1084,6.6937906615792347e-08
1085,1.1452610463678016e-07
1086,5.5054896606017172e-08
1087,6.6937213451860093e-08
1088,1.1452549057228945e-07
1089,5.5054487596551763e-08
1090,6.6937683322654002e-08
1091,1.1452454445331278e-07
1092,5.5052816229128326e-08
1093,6.6936742120862062e-08
1094,1.1452492011347787e-07
1095,5.5052958109507811e-08
1096,6.6936409681641373e-08
1097,1.1452562855269587e-07
1098,5.5053299379529652e-08
1099,6.693668971227061e-08
1100,1.145244370930204e-07
1101,5.505356526939525e-08
1102,6.6935521223445486e-08
1103,1.1452638757643826e-07
1104,5.5051013056423202e-08
1105,6.6934737977565935e-08
1106,1.1452613509119562e-07
1107,5.5053756041355801e-08
1108,6.6936961573273517e-08
1109,1.145247574817435e-07
1110,5.505380677819568e-08
1111,6.6936992390025383e-08
1112,1.1452531347335455e-07
1113,5.5053831925315852e-08
1114,6.6936366193615667e-08
1115,1.1452577710211659e-07
1116,5.5053376982646844e-08
1117,6.6936621593657163e-08
1118,1.1452549715373914e-07
1119,5.5052259922359517e-08
1120,6.6934664562010168e-08
1121,1.1452743118091364e-07
1122,5.5052883696944191e-08
1123,6.6936298821648012e-08
1124,1.1452579219290515e-07
1125,5.5052911258740982e-08
1126,6.6936330954113202e-08
1127,1.1452573036265818e-07
1128,5.5054047894209138e-08
1129,6.6936332353503243e-08
1130,1.145264775639786e-07
1131,5.5052667854475554e-08
1132,6.6936846033994261e-08
1133,1.1452456146189187e-07
1134,5.505486410620585e-08
1135,6.6936221276239512e-08
1136,1.145268664504141e-07
1137,5.5052217762779396e-08
1138,6.6935332378066853e-08
1139,1.1452625135332243e-07
1140,5.5053794466999147e-08
1141,6.6936787396420413e-08
1142,1.1452546271442975e-07
1143,5.5052525974644404e-08
1144,6.6935601618595513e-08
1145,1.1452611831906097e-07
1146,5.5053221882152274e-08
1147,6.6935875885152018e-08
1148,1.1452633958385567e-07
1149,5.5052147955981428e-08
1150,6.6936812910794589e-08
1151,1.1452285799988806e-07
1152,5.5054514080531124e-08
1153,6.6935707547761735e-08
1154,1.1452681407513613e-07
1155,5.5051839097196336e-08
1156,6.6936302412082411e-08
1157,1.145231644673171e-07
1158,5.5053917508978473e-08
1159,6.6936991268446969e-08
1160,1.145248941454141e-07
1161,5.5052317865424674e-08
1162,6.6936335685772905e-08
1163,1.1452463676555962e-07
1164,5.5053509639915912e-08
1165,6.6936131427319145e-08
1166,1.1452563846854152e-07
1167,5.5051753465410796e-08
1168,6.6935700165947752e-08
1169,1.1452519676830912e-07
1170,5.5052867314257453e-08
1171,6.6935345207424993e-08
1172,1.1452679743362243e-07
1173,5.5050863433628949e-08
1174,6.6933992414873607e-08
1175,1.1452706704427889e-07
1176,5.5052369480666161e-08
1177,6.6935504790411546e-08
1178,1.1452595294568899e-07
1179,5.5052316862115352e-08
1180,6.6936454710085511e-08
1181,1.1452284695999393e-07
1182,5.5054245994106381e-08
1183,6.6936807215404899e-08
1184,1.1452487687957147e-07
1185,5.5052217200660929e-08
1186,6.6934873585019424e-08
1187,1.1452656802467045e-07
1188,5.5052529166315391e-08
1189,6.6935513019470103e-08
1190,1.1452585289847025e-07
1191,5.5052228899628792e-08
1192,6.6936237045569033e-08
1193,1.1452319559051785e-07
1194,5.5053775592397058e-08
1195,6.6936186199949642e-08
1196,1.1452566681325663e-07
1197,5.5051685256704291e-08
1198,6.6936111857406934e-08
1199,1.1452464780086877e-07
1200,5.5053392887376679e-08
1201,6.6935849062395113e-08
1202,1.1452622325446556e-07
1203,5.5051407965759731e-08
1204,6.6934810637592559e-08
1205,1.1452505417987868e-07
1206,5.5052671628744511e-08
1207,6.6935156811264235e-08
1208,1.1452658181093971e-07
1209,5.5051614319298809e-08
1210,6.6935874168126753e-08
1211,1.1452346186558729e-07
1212,5.5053743574577559e-08
1213,6.6935383008629939e-08
1214,1.14526635009689e-07
1215,5.5051507986666938e-08
1216,6.6936332909007765e-08
1217,1.1452296425452418e-07
1218,5.5053747619266727e-08
1219,6.6935147926944233e-08
1220,1.1452736803894936e-07
1221,5.5050850891979513e-08
1222,6.6935066638131526e-08
1223,1.1452562704520852e-07
1224,5.5052990305316613e-08
1225,6.6935701024217848e-08
1226,1.1452638002303268e-07
1227,5.5051750655134373e-08
1228,6.6936065036969119e-08
1229,1.1452469799690439e-07
1230,5.5053683296130328e-08
1231,6.693690588482479e-08
1232,1.1452469918013161e-07
1233,5.5052530955976643e-08
1234,6.6935493122877877e-08
1235,1.1452453182008845e-07
1236,5.5053152728393766e-08
1237,6.6935323533308981e-08
1238,1.1452633097468213e-07
1239,5.5051777769381613e-08
1240,6.6936217801406662e-08
1241,1.1452339767393845e-07
1242,5.5053422604689031e-08
1243,6.6935819695770257e-08
1244,1.1452608519579274e-07
1245,5.505141620887198e-08
1246,6.6934581817527626e-08
1247,1.1452659939287095e-07
1248,5.5052469396455388e-08
1249,6.6935165791046187e-08
1250,1.145267280818089e-07
1251,5.5051399205236493e-08
1252,6.6936144781775932e-08
1253,1.1452448706694523e-07
1254,5.5054016887759267e-08
1255,6.6937119493303155e-08
1256,1.1452458880432457e-07
1257,5.5052739431345311e-08
1258,6.6936682195112528e-08
1259,1.1452411601175723e-07
1260,5.5053888408696264e-08
1261,6.6935908356892907e-08
1262,1.1452634106093658e-07
1263,5.5051921110290698e-08
1264,6.6935962300365486e-08
1265,1.1452336039127343e-07
1266,5.5053366945824439e-08
1267,6.6934666691352199e-08
1268,1.1452777076434178e-07
1269,5.5050507061388242e-08
1270,6.693558569840908e-08
1271,1.1452478448320998e-07
1272,5.5053324728697092e-08
1273,6.6936824170173283e-08
1274,1.1452502556827337e-07
1275,5.5052005950298559e-08
1276,6.693479042242882e-08
1277,1.1452647236316537e-07
1278,5.505252046804795e-08
1279,6.6935349642346316e-08
1280,1.1452640215748929e-07
1281,5.5051517983382518e-08
1282,6.6935823117995453e-08
1283,1.1452503120159274e-07
1284,5.5053433665893501e-08
1285,6.6935282180934656e-08
1286,1.1452695114601047e-07
1287,5.5051557967164675e-08
1288,6.6936190964681336e-08
1289,1.1452402497992213e-07
1290,5.5054250728832859e-08
1291,6.6936861328667879e-08
1292,1.145252549112996e-07
1293,5.50525310457338e-08
1294,6.6934946153593635e-08
1295,1.1452635880949769e-07
1296,5.5052593304111969e-08
1297,6.6935992313041575e-08
1298,1.1452588506829074e-07
1299,5.5051453736630014e-08
1300,6.6935298026813906e-08
1301,1.1452586700809314e-07
1302,5.5052966736496364e-08
1303,6.6935425941680902e-08
1304,1.1452649561265247e-07
1305,5.5051630876194522e-08
1306,6.6936134971790889e-08
1307,1.1452324727507765e-07
1308,5.5053917375390313e-08
1309,6.6935804585305565e-08
1310,1.1452635339408688e-07
1311,5.5051869393626842e-08
1312,6.693473092309637e-08
1313,1.1452502992543871e-07
1314,5.5053272867196121e-08
1315,6.6936654298549337e-08
1316,1.1452470238928368e-07
1317,5.5052632152317129e-08
1318,6.6935793877257983e-08
1319,1.1452557367378399e-07
1320,5.5053144754702984e-08
1321,6.6936141104277492e-08
1322,1.1452572609851921e-07
1323,5.5051899274553064e-08
1324,6.6935808921826621e-08
1325,1.1452520408498833e-07
1326,5.5053238871331014e-08
1327,6.6935648287632515e-08
1328,1.1452633580601378e-07
1329,5.5051543163365854e-08
1330,6.6935419122292547e-08
1331,0.0074177766768063575
